Workbook

Sheet dropDetailed
A1: 掉落ID | C1: 权重_道具ID | D1: 道具1 | E1: 权重 | F1: 道具ID | G1: 道具数量 | H1: 道具名字 | I1: 道具2 | J1: 权重 | K1: 道具ID | L1: 道具数量 | M1: 道具名字
A2: int | C2: list<list<int>{_}>{|}
A3: id | C3: detailedDropItem
A5: 20000000 | B5: 1金币 | C5: 1000_1990000_1 | D5: 1000_1990000_1 | E5: 1000 | F5: 1990000 | G5: 1 | H5: 金币
A6: 20000001 | B6: 5000_10000随机金币 | C6: 900_1990000_10000|900_1990000_5000 | D6: 900_1990000_5000 | E6: 900 | F6: 1990000 | G6: 5000 | H6: 金币 | I6: 900_1990000_10000 | J6: 900 | K6: 1990000 | L6: 10000 | M6: 金币
A7: 20000002 | B7: 10000_50000随机金币 | C7: 900_1990000_50000|900_1990000_10000 | D7: 900_1990000_10000 | E7: 900 | F7: 1990000 | G7: 10000 | H7: 金币 | I7: 900_1990000_50000 | J7: 900 | K7: 1990000 | L7: 50000 | M7: 金币
A8: 20000003 | B8: 50000_100000随机金币 | C8: 900_1990000_100000|900_1990000_50000 | D8: 900_1990000_50000 | E8: 900 | F8: 1990000 | G8: 50000 | H8: 金币 | I8: 900_1990000_100000 | J8: 900 | K8: 1990000 | L8: 100000 | M8: 金币
A9: 20000004 | B9: 100000_500000随机金币 | C9: 900_1990000_500000|900_1990000_100000 | D9: 900_1990000_100000 | E9: 900 | F9: 1990000 | G9: 100000 | H9: 金币 | I9: 900_1990000_500000 | J9: 900 | K9: 1990000 | L9: 500000 | M9: 金币
A10: 20000008 | B10: 拼图碎片包1 | C10: 400_1200101_1|400_1200102_1|400_1200103_1|400_1200121_1|400_1200122_1|400_1200123_1|400_1200141_1|400_1200142_1|400_1200143_1|400_1200161_1|400_1200162_1|400_1200163_1|400_1200181_1|400_1200182_1|400_1200183_1|400_1200201_1|400_1200202_1|400_1200203_1|400_1200221_1|400_1200222_1|400_1200223_1|400_1200241_1|400_1200242_1|400_1200243_1
A11: 20000009 | B11: 拼图碎片包2 | C11: 400_1200101_1|400_1200102_1|400_1200103_1|400_1200121_1|400_1200122_1|400_1200123_1|400_1200141_1|400_1200142_1|400_1200143_1|400_1200161_1|400_1200162_1|400_1200163_1|400_1200181_1|400_1200182_1|400_1200183_1|400_1200201_1|400_1200202_1|400_1200203_1|400_1200221_1|400_1200222_1|400_1200223_1|400_1200241_1|400_1200242_1|400_1200243_1
A12: 20000010 | B12: 拼图碎片包3 | C12: 400_1200101_1|400_1200102_1|400_1200103_1|400_1200121_1|400_1200122_1|400_1200123_1|400_1200141_1|400_1200142_1|400_1200143_1|400_1200161_1|400_1200162_1|400_1200163_1|400_1200181_1|400_1200182_1|400_1200183_1|400_1200201_1
A13: 20000011 | B13: 拼图碎片包4 | C13: 400_1200101_1|400_1200102_1|400_1200103_1|400_1200121_1|400_1200122_1|400_1200123_1|400_1200141_1|400_1200142_1|400_1200143_1|400_1200161_1|400_1200162_1|400_1200163_1|400_1200181_1|400_1200182_1|400_1200183_1|400_1200201_1
A14: 20000012 | B14: 拼图碎片包5 | C14: 400_1200101_1|400_1200102_1|400_1200103_1|400_1200121_1|400_1200122_1|400_1200123_1|400_1200141_1|400_1200142_1|400_1200143_1|400_1200161_1|400_1200162_1|400_1200163_1|400_1200181_1|400_1200182_1|400_1200183_1|400_1200201_1
A15: 20000021 | B15: 刮刮卡 | C15: 1000_1022502_1
A16: 20010040 | B16: 赌场材料-40级 | C16: 3790_1023001_1|1061_1023101_1|352_1023201_1|189_1023301_1|107_1023401_1
A17: 20010050 | B17: 赌场材料-50级 | C17: 3772_1023001_1|1057_1023101_1|352_1023201_1|189_1023301_1|107_1023401_1
A18: 20010060 | B18: 赌场材料-60级 | C18: 2512_1023001_1|1686_1023001_5|702_1023101_1|505_1023101_5|235_1023201_1|196_1023201_5|231_1023301_1|71_1023401_1|56_1023401_5
A19: 20010070 | B19: 赌场材料-70级 | C19: 682_1023001_1|1834_1023001_5|191_1023101_1|550_1023101_5|64_1023201_1|212_1023201_5|33_1023301_1|163_1023301_5|18_1023401_1|60_1023401_5
A20: 20010080 | B20: 赌场材料-80级 | C20: 940_1023001_1|1260_1023001_5|1260_1023001_17|263_1023101_1|378_1023101_5|378_1023101_16|86_1023201_1|145_1023201_5|145_1023201_15|48_1023301_1|111_1023301_5|88_1023301_15|27_1023401_1|41_1023401_5|41_1023401_15
A21: 20010090 | B21: 赌场材料-90级 | C21: 458_1023001_5|1830_1023001_17|136_1023101_5|548_1023101_16|53_1023201_5|212_1023201_15|43_1023301_5|129_1023301_15|16_1023401_5|60_1023401_15
... A39: 20020021 | B39: 1星材料包-40 | C39: 6566_1023001_40|1928_1023101_40|750_1023201_40|503_1023301_40|251_1023401_40

Sheet Sheet1
A1: 20010040 | B1: 2500_1023001_1|833_1023101_1|208_1023201_1|104_1023301_1|52_1023401_1 | C1: =_xlfn.XLOOKUP(A1,$A$16:$A$222,$L$16:$L$222,B1) -> 2500_1023001_1|833_1023101_1|208_1023201_1|104_1023301_1|52_1023401_1
A2: 20010050 | B2: 2500_1023001_1|833_1023101_1|208_1023201_1|104_1023301_1|52_1023401_1 | C2: =_xlfn.XLOOKUP(A2,$A$16:$A$222,$L$16:$L$222,B2) -> 2500_1023001_1|833_1023101_1|208_1023201_1|104_1023301_1|52_1023401_1
A3: 20010060 | B3: 2500_1023001_1|1667_1023002_1|833_1023101_1|556_1023102_1|208_1023201_1|139_1023202_1|104_1023301_1|69_1023302_1|52_1023401_1|35_1023402_1 | C3: =_xlfn.XLOOKUP(A3,$A$16:$A$222,$L$16:$L$222,B3) -> 2500_1023001_1|833_1023001_2|833_1023101_1|278_1023101_2|208_1023201_1|69_1023201_2|104_1023301_1|34_1023301_2|52_1023401_1|17_1023401_2
A4: 20010070 | B4: 2500_1023001_1|1667_1023002_1|833_1023101_1|556_1023102_1|208_1023201_1|139_1023202_1|104_1023301_1|69_1023302_1|52_1023401_1|35_1023402_1 | C4: =_xlfn.XLOOKUP(A4,$A$16:$A$222,$L$16:$L$222,B4) -> 2500_1023001_1|833_1023001_2|833_1023101_1|278_1023101_2|208_1023201_1|69_1023201_2|104_1023301_1|34_1023301_2|52_1023401_1|17_1023401_2
A5: 20010080 | B5: 2500_1023001_1|1667_1023002_1|1250_1023003_1|833_1023101_1|556_1023102_1|417_1023103_1|208_1023201_1|139_1023202_1|104_1023203_1|104_1023301_1|69_1023302_1|52_1023303_1|52_1023401_1|35_1023402_1|26_1023403_1 | C5: =_xlfn.XLOOKUP(A5,$A$16:$A$222,$L$16:$L$222,B5) -> 2500_1023001_1|833_1023001_2|625_1023001_2|833_1023101_1|278_1023101_2|208_1023101_2|208_1023201_1|69_1023201_2|52_1023201_2|104_1023301_1|34_1023301_2|26_1023301_2|52_1023401_1|17_1023401_2|13_1023401_2
A6: 20010090 | B6: 250_1023001_1|1667_1023002_1|1250_1023003_1|83_1023101_1|556_1023102_1|417_1023103_1|20_1023201_1|139_1023202_1|104_1023203_1|10_1023301_1|69_1023302_1|52_1023303_1|5_1023401_1|35_1023402_1|26_1023403_1 | C6: =_xlfn.XLOOKUP(A6,$A$16:$A$222,$L$16:$L$222,B6) -> 250_1023001_1|833_1023001_2|625_1023001_2|83_1023101_1|278_1023101_2|208_1023101_2|20_1023201_1|69_1023201_2|52_1023201_2|10_1023301_1|34_1023301_2|26_1023301_2|5_1023401_1|17_1023401_2|13_1023401_2
A7: 20010100 | B7: 250_1023001_1|1667_1023002_1|1250_1023003_1|833_1023004_1|83_1023101_1|556_1023102_1|417_1023103_1|278_1023104_1|20_1023201_1|139_1023202_1|104_1023203_1|69_1023204_1|10_1023301_1|69_1023302_1|52_1023303_1|35_1023304_1|5_1023401_1|35_1023402_1|26_1023403_1|17_1023404_1 | C7: =_xlfn.XLOOKUP(A7,$A$16:$A$222,$L$16:$L$222,B7) -> 250_1023001_1|833_1023001_2|625_1023001_2|277_1023001_3|83_1023101_1|278_1023101_2|208_1023101_2|92_1023101_3|20_1023201_1|69_1023201_2|52_1023201_2|23_1023201_3|10_1023301_1|34_1023301_2|26_1023301_2
A8: 20010110 | B8: 250_1023001_1|166_1023002_1|1250_1023003_1|833_1023004_1|83_1023101_1|55_1023102_1|417_1023103_1|278_1023104_1|20_1023201_1|13_1023202_1|104_1023203_1|69_1023204_1|10_1023301_1|6_1023302_1|52_1023303_1|35_1023304_1|5_1023401_1|3_1023402_1|26_1023403_1|17_1023404_1 | C8: =_xlfn.XLOOKUP(A8,$A$16:$A$222,$L$16:$L$222,B8) -> 250_1023001_1|83_1023001_2|625_1023001_2|277_1023001_3|83_1023101_1|27_1023101_2|208_1023101_2|92_1023101_3|20_1023201_1|6_1023201_2|52_1023201_2|23_1023201_3|10_1023301_1|3_1023301_2|26_1023301_2
A9: 20010120 | B9: 250_1023001_1|166_1023002_1|1250_1023003_1|833_1023004_1|417_1023005_1|83_1023101_1|55_1023102_1|417_1023103_1|278_1023104_1|139_1023105_1|20_1023201_1|13_1023202_1|104_1023203_1|69_1023204_1|35_1023205_1|10_1023301_1|6_1023302_1|52_1023303_1|35_1023304_1|17_1023305_1|5_1023401_1|3_1023402_1|26_1023403_1|17_1023404_1|9_1023405_1 | C9: =_xlfn.XLOOKUP(A9,$A$16:$A$222,$L$16:$L$222,B9) -> 250_1023001_1|83_1023001_2|625_1023001_2|277_1023001_3|69_1023001_6|83_1023101_1|27_1023101_2|208_1023101_2|92_1023101_3|23_1023101_6|20_1023201_1|6_1023201_2|52_1023201_2|23_1023201_3|5_1023201_6
A10: 20010130 | B10: 250_1023001_1|166_1023002_1|125_1023003_1|833_1023004_1|417_1023005_1|83_1023101_1|55_1023102_1|41_1023103_1|278_1023104_1|139_1023105_1|20_1023201_1|13_1023202_1|10_1023203_1|69_1023204_1|35_1023205_1|10_1023301_1|6_1023302_1|5_1023303_1|35_1023304_1|17_1023305_1|5_1023401_1|3_1023402_1|2_1023403_1|17_1023404_1|9_1023405_1 | C10: =_xlfn.XLOOKUP(A10,$A$16:$A$222,$L$16:$L$222,B10) -> 250_1023001_1|83_1023001_2|62_1023001_2|277_1023001_3|69_1023001_6|83_1023101_1|27_1023101_2|20_1023101_2|92_1023101_3|23_1023101_6|20_1023201_1|6_1023201_2|5_1023201_2|23_1023201_3|5_1023201_6
A11: 20010140 | B11: 250_1023001_1|166_1023002_1|125_1023003_1|833_1023004_1|417_1023005_1|83_1023101_1|55_1023102_1|41_1023103_1|278_1023104_1|139_1023105_1|20_1023201_1|13_1023202_1|10_1023203_1|69_1023204_1|35_1023205_1|10_1023301_1|6_1023302_1|5_1023303_1|35_1023304_1|17_1023305_1|5_1023401_1|3_1023402_1|2_1023403_1|17_1023404_1|9_1023405_1 | C11: =_xlfn.XLOOKUP(A11,$A$16:$A$222,$L$16:$L$222,B11) -> 250_1023001_1|83_1023001_2|62_1023001_2|277_1023001_3|69_1023001_6|83_1023101_1|27_1023101_2|20_1023101_2|92_1023101_3|23_1023101_6|20_1023201_1|6_1023201_2|5_1023201_2|23_1023201_3|5_1023201_6
A12: 20010150 | B12: 250_1023001_1|166_1023002_1|125_1023003_1|83_1023004_1|417_1023005_1|83_1023101_1|55_1023102_1|41_1023103_1|27_1023104_1|139_1023105_1|20_1023201_1|13_1023202_1|10_1023203_1|6_1023204_1|35_1023205_1|10_1023301_1|6_1023302_1|5_1023303_1|3_1023304_1|17_1023305_1|5_1023401_1|3_1023402_1|2_1023403_1|1_1023404_1|9_1023405_1 | C12: =_xlfn.XLOOKUP(A12,$A$16:$A$222,$L$16:$L$222,B12) -> 250_1023001_1|83_1023001_2|62_1023001_2|27_1023001_3|69_1023001_6|83_1023101_1|27_1023101_2|20_1023101_2|9_1023101_3|23_1023101_6|20_1023201_1|6_1023201_2|5_1023201_2|2_1023201_3|5_1023201_6
A16: 20010060 | B16: 2500_1023001_1|1667_1023002_1|833_1023101_1|556_1023102_1|208_1023201_1|139_1023202_1|104_1023301_1|69_1023302_1|52_1023401_1|35_1023402_1 | L16: =_xlfn.TEXTJOIN("|",TRUE,L17:L26) -> 2500_1023001_1|833_1023001_2|833_1023101_1|278_1023101_2|208_1023201_1|69_1023201_2|104_1023301_1|34_1023301_2|52_1023401_1|17_1023401_2
B17: {=_xlfn.TEXTSPLIT(B16,,"|")} -> 2500_1023001_1 | C17: {=_xlfn.TEXTSPLIT(B17,"_",)} -> 2500 | D17: 1023001 | E17: 1 | F17: =_xlfn.XLOOKUP(VALUE(D17),Sheet2!$A$1:$A$25,Sheet2!$C$1:$C$25) -> 20 | G17: =VALUE(D17) -> 1023001 | H17: =_xlfn.XLOOKUP(G17,Sheet2!A:A,Sheet2!B:B) -> 1023001 | I17: =_xlfn.XLOOKUP(VALUE(H17),Sheet2!$A$1:$A$25,Sheet2!$C$1:$C$25) -> 20 | J17: =ROUNDUP(F17/I17,0) -> 1 | K17: =ROUNDDOWN(C17/J17,0) -> 2500 | L17: =_xlfn.TEXTJOIN("_",TRUE,K17,H17,J17) -> 2500_1023001_1
B18: 1667_1023002_1 | C18: {=_xlfn.TEXTSPLIT(B18,"_",)} -> 1667 | D18: 1023002 | E18: 1 | F18: =_xlfn.XLOOKUP(VALUE(D18),Sheet2!$A$1:$A$25,Sheet2!$C$1:$C$25) -> 30 | G18: =VALUE(D18) -> 1023002 | H18: =_xlfn.XLOOKUP(G18,Sheet2!A:A,Sheet2!B:B) -> 1023001 | I18: =_xlfn.XLOOKUP(VALUE(H18),Sheet2!$A$1:$A$25,Sheet2!$C$1:$C$25) -> 20 | J18: =ROUNDUP(F18/I18,0) -> 2 | K18: =ROUNDDOWN(C18/J18,0) -> 833 | L18: =_xlfn.TEXTJOIN("_",TRUE,K18,H18,J18) -> 833_1023001_2
B19: 833_1023101_1 | C19: {=_xlfn.TEXTSPLIT(B19,"_",)} -> 833 | D19: 1023101 | E19: 1 | F19: =_xlfn.XLOOKUP(VALUE(D19),Sheet2!$A$1:$A$25,Sheet2!$C$1:$C$25) -> 60 | G19: =VALUE(D19) -> 1023101 | H19: =_xlfn.XLOOKUP(G19,Sheet2!A:A,Sheet2!B:B) -> 1023101 | I19: =_xlfn.XLOOKUP(VALUE(H19),Sheet2!$A$1:$A$25,Sheet2!$C$1:$C$25) -> 60 | J19: =ROUNDUP(F19/I19,0) -> 1 | K19: =ROUNDDOWN(C19/J19,0) -> 833 | L19: =_xlfn.TEXTJOIN("_",TRUE,K19,H19,J19) -> 833_1023101_1
B20: 556_1023102_1 | C20: {=_xlfn.TEXTSPLIT(B20,"_",)} -> 556 | D20: 1023102 | E20: 1 | F20: =_xlfn.XLOOKUP(VALUE(D20),Sheet2!$A$1:$A$25,Sheet2!$C$1:$C$25) -> 90 | G20: =VALUE(D20) -> 1023102 | H20: =_xlfn.XLOOKUP(G20,Sheet2!A:A,Sheet2!B:B) -> 1023101 | I20: =_xlfn.XLOOKUP(VALUE(H20),Sheet2!$A$1:$A$25,Sheet2!$C$1:$C$25) -> 60 | J20: =ROUNDUP(F20/I20,0) -> 2 | K20: =ROUNDDOWN(C20/J20,0) -> 278 | L20: =_xlfn.TEXTJOIN("_",TRUE,K20,H20,J20) -> 278_1023101_2
B21: 208_1023201_1 | C21: {=_xlfn.TEXTSPLIT(B21,"_",)} -> 208 | D21: 1023201 | E21: 1 | F21: =_xlfn.XLOOKUP(VALUE(D21),Sheet2!$A$1:$A$25,Sheet2!$C$1:$C$25) -> 240 | G21: =VALUE(D21) -> 1023201 | H21: =_xlfn.XLOOKUP(G21,Sheet2!A:A,Sheet2!B:B) -> 1023201 | I21: =_xlfn.XLOOKUP(VALUE(H21),Sheet2!$A$1:$A$25,Sheet2!$C$1:$C$25) -> 240 | J21: =ROUNDUP(F21/I21,0) -> 1 | K21: =ROUNDDOWN(C21/J21,0) -> 208 | L21: =_xlfn.TEXTJOIN("_",TRUE,K21,H21,J21) -> 208_1023201_1
B22: 139_1023202_1 | C22: {=_xlfn.TEXTSPLIT(B22,"_",)} -> 139 | D22: 1023202 | E22: 1 | F22: =_xlfn.XLOOKUP(VALUE(D22),Sheet2!$A$1:$A$25,Sheet2!$C$1:$C$25) -> 360 | G22: =VALUE(D22) -> 1023202 | H22: =_xlfn.XLOOKUP(G22,Sheet2!A:A,Sheet2!B:B) -> 1023201 | I22: =_xlfn.XLOOKUP(VALUE(H22),Sheet2!$A$1:$A$25,Sheet2!$C$1:$C$25) -> 240 | J22: =ROUNDUP(F22/I22,0) -> 2 | K22: =ROUNDDOWN(C22/J22,0) -> 69 | L22: =_xlfn.TEXTJOIN("_",TRUE,K22,H22,J22) -> 69_1023201_2
B23: 104_1023301_1 | C23: {=_xlfn.TEXTSPLIT(B23,"_",)} -> 104 | D23: 1023301 | E23: 1 | F23: =_xlfn.XLOOKUP(VALUE(D23),Sheet2!$A$1:$A$25,Sheet2!$C$1:$C$25) -> 480 | G23: =VALUE(D23) -> 1023301 | H23: =_xlfn.XLOOKUP(G23,Sheet2!A:A,Sheet2!B:B) -> 1023301 | I23: =_xlfn.XLOOKUP(VALUE(H23),Sheet2!$A$1:$A$25,Sheet2!$C$1:$C$25) -> 480 | J23: =ROUNDUP(F23/I23,0) -> 1 | K23: =ROUNDDOWN(C23/J23,0) -> 104 | L23: =_xlfn.TEXTJOIN("_",TRUE,K23,H23,J23) -> 104_1023301_1
B24: 69_1023302_1 | C24: {=_xlfn.TEXTSPLIT(B24,"_",)} -> 69 | D24: 1023302 | E24: 1 | F24: =_xlfn.XLOOKUP(VALUE(D24),Sheet2!$A$1:$A$25,Sheet2!$C$1:$C$25) -> 720 | G24: =VALUE(D24) -> 1023302 | H24: =_xlfn.XLOOKUP(G24,Sheet2!A:A,Sheet2!B:B) -> 1023301 | I24: =_xlfn.XLOOKUP(VALUE(H24),Sheet2!$A$1:$A$25,Sheet2!$C$1:$C$25) -> 480 | J24: =ROUNDUP(F24/I24,0) -> 2 | K24: =ROUNDDOWN(C24/J24,0) -> 34 | L24: =_xlfn.TEXTJOIN("_",TRUE,K24,H24,J24) -> 34_1023301_2
B25: 52_1023401_1 | C25: {=_xlfn.TEXTSPLIT(B25,"_",)} -> 52 | D25: 1023401 | E25: 1 | F25: =_xlfn.XLOOKUP(VALUE(D25),Sheet2!$A$1:$A$25,Sheet2!$C$1:$C$25) -> 960 | G25: =VALUE(D25) -> 1023401 | H25: =_xlfn.XLOOKUP(G25,Sheet2!A:A,Sheet2!B:B) -> 1023401 | I25: =_xlfn.XLOOKUP(VALUE(H25),Sheet2!$A$1:$A$25,Sheet2!$C$1:$C$25) -> 960 | J25: =ROUNDUP(F25/I25,0) -> 1 | K25: =ROUNDDOWN(C25/J25,0) -> 52 | L25: =_xlfn.TEXTJOIN("_",TRUE,K25,H25,J25) -> 52_1023401_1
B26: 35_1023402_1 | C26: {=_xlfn.TEXTSPLIT(B26,"_",)} -> 35 | D26: 1023402 | E26: 1 | F26: =_xlfn.XLOOKUP(VALUE(D26),Sheet2!$A$1:$A$25,Sheet2!$C$1:$C$25) -> 1440 | G26: =VALUE(D26) -> 1023402 | H26: =_xlfn.XLOOKUP(G26,Sheet2!A:A,Sheet2!B:B) -> 1023401 | I26: =_xlfn.XLOOKUP(VALUE(H26),Sheet2!$A$1:$A$25,Sheet2!$C$1:$C$25) -> 960 | J26: =ROUNDUP(F26/I26,0) -> 2 | K26: =ROUNDDOWN(C26/J26,0) -> 17 | L26: =_xlfn.TEXTJOIN("_",TRUE,K26,H26,J26) -> 17_1023401_2
A29: 20010070 | B29: 2500_1023001_1|1667_1023002_1|833_1023101_1|556_1023102_1|208_1023201_1|139_1023202_1|104_1023301_1|69_1023302_1|52_1023401_1|35_1023402_1 | L29: =_xlfn.TEXTJOIN("|",TRUE,L30:L44) -> 2500_1023001_1|833_1023001_2|833_1023101_1|278_1023101_2|208_1023201_1|69_1023201_2|104_1023301_1|34_1023301_2|52_1023401_1|17_1023401_2
B30: {=_xlfn.TEXTSPLIT(B29,,"|")} -> 2500_1023001_1 | C30: {=_xlfn.TEXTSPLIT(B30,"_",)} -> 2500 | D30: 1023001 | E30: 1 | F30: =_xlfn.XLOOKUP(VALUE(D30),Sheet2!$A$1:$A$25,Sheet2!$C$1:$C$25) -> 20 | G30: =VALUE(D30) -> 1023001 | H30: =_xlfn.XLOOKUP(G30,Sheet2!A:A,Sheet2!B:B) -> 1023001 | I30: =_xlfn.XLOOKUP(VALUE(H30),Sheet2!$A$1:$A$25,Sheet2!$C$1:$C$25) -> 20 | J30: =ROUNDUP(F30/I30,0) -> 1 | K30: =ROUNDDOWN(C30/J30,0) -> 2500 | L30: =_xlfn.TEXTJOIN("_",TRUE,K30,H30,J30) -> 2500_1023001_1
B31: 1667_1023002_1 | C31: {=_xlfn.TEXTSPLIT(B31,"_",)} -> 1667 | D31: 1023002 | E31: 1 | F31: =_xlfn.XLOOKUP(VALUE(D31),Sheet2!$A$1:$A$25,Sheet2!$C$1:$C$25) -> 30 | G31: =VALUE(D31) -> 1023002 | H31: =_xlfn.XLOOKUP(G31,Sheet2!A:A,Sheet2!B:B) -> 1023001 | I31: =_xlfn.XLOOKUP(VALUE(H31),Sheet2!$A$1:$A$25,Sheet2!$C$1:$C$25) -> 20 | J31: =ROUNDUP(F31/I31,0) -> 2 | K31: =ROUNDDOWN(C31/J31,0) -> 833 | L31: =_xlfn.TEXTJOIN("_",TRUE,K31,H31,J31) -> 833_1023001_2
B32: 833_1023101_1 | C32: {=_xlfn.TEXTSPLIT(B32,"_",)} -> 833 | D32: 1023101 | E32: 1 | F32: =_xlfn.XLOOKUP(VALUE(D32),Sheet2!$A$1:$A$25,Sheet2!$C$1:$C$25) -> 60 | G32: =VALUE(D32) -> 1023101 | H32: =_xlfn.XLOOKUP(G32,Sheet2!A:A,Sheet2!B:B) -> 1023101 | I32: =_xlfn.XLOOKUP(VALUE(H32),Sheet2!$A$1:$A$25,Sheet2!$C$1:$C$25) -> 60 | J32: =ROUNDUP(F32/I32,0) -> 1 | K32: =ROUNDDOWN(C32/J32,0) -> 833 | L32: =_xlfn.TEXTJOIN("_",TRUE,K32,H32,J32) -> 833_1023101_1
B33: 556_1023102_1 | C33: {=_xlfn.TEXTSPLIT(B33,"_",)} -> 556 | D33: 1023102 | E33: 1 | F33: =_xlfn.XLOOKUP(VALUE(D33),Sheet2!$A$1:$A$25,Sheet2!$C$1:$C$25) -> 90 | G33: =VALUE(D33) -> 1023102 | H33: =_xlfn.XLOOKUP(G33,Sheet2!A:A,Sheet2!B:B) -> 1023101 | I33: =_xlfn.XLOOKUP(VALUE(H33),Sheet2!$A$1:$A$25,Sheet2!$C$1:$C$25) -> 60 | J33: =ROUNDUP(F33/I33,0) -> 2 | K33: =ROUNDDOWN(C33/J33,0) -> 278 | L33: =_xlfn.TEXTJOIN("_",TRUE,K33,H33,J33) -> 278_1023101_2
B34: 208_1023201_1 | C34: {=_xlfn.TEXTSPLIT(B34,"_",)} -> 208 | D34: 1023201 | E34: 1 | F34: =_xlfn.XLOOKUP(VALUE(D34),Sheet2!$A$1:$A$25,Sheet2!$C$1:$C$25) -> 240 | G34: =VALUE(D34) -> 1023201 | H34: =_xlfn.XLOOKUP(G34,Sheet2!A:A,Sheet2!B:B) -> 1023201 | I34: =_xlfn.XLOOKUP(VALUE(H34),Sheet2!$A$1:$A$25,Sheet2!$C$1:$C$25) -> 240 | J34: =ROUNDUP(F34/I34,0) -> 1 | K34: =ROUNDDOWN(C34/J34,0) -> 208 | L34: =_xlfn.TEXTJOIN("_",TRUE,K34,H34,J34) -> 208_1023201_1
B35: 139_1023202_1 | C35: {=_xlfn.TEXTSPLIT(B35,"_",)} -> 139 | D35: 1023202 | E35: 1 | F35: =_xlfn.XLOOKUP(VALUE(D35),Sheet2!$A$1:$A$25,Sheet2!$C$1:$C$25) -> 360 | G35: =VALUE(D35) -> 1023202 | H35: =_xlfn.XLOOKUP(G35,Sheet2!A:A,Sheet2!B:B) -> 1023201 | I35: =_xlfn.XLOOKUP(VALUE(H35),Sheet2!$A$1:$A$25,Sheet2!$C$1:$C$25) -> 240 | J35: =ROUNDUP(F35/I35,0) -> 2 | K35: =ROUNDDOWN(C35/J35,0) -> 69 | L35: =_xlfn.TEXTJOIN("_",TRUE,K35,H35,J35) -> 69_1023201_2
B36: 104_1023301_1 | C36: {=_xlfn.TEXTSPLIT(B36,"_",)} -> 104 | D36: 1023301 | E36: 1 | F36: =_xlfn.XLOOKUP(VALUE(D36),Sheet2!$A$1:$A$25,Sheet2!$C$1:$C$25) -> 480 | G36: =VALUE(D36) -> 1023301 | H36: =_xlfn.XLOOKUP(G36,Sheet2!A:A,Sheet2!B:B) -> 1023301 | I36: =_xlfn.XLOOKUP(VALUE(H36),Sheet2!$A$1:$A$25,Sheet2!$C$1:$C$25) -> 480 | J36: =ROUNDUP(F36/I36,0) -> 1 | K36: =ROUNDDOWN(C36/J36,0) -> 104 | L36: =_xlfn.TEXTJOIN("_",TRUE,K36,H36,J36) -> 104_1023301_1
B37: 69_1023302_1 | C37: {=_xlfn.TEXTSPLIT(B37,"_",)} -> 69 | D37: 1023302 | E37: 1 | F37: =_xlfn.XLOOKUP(VALUE(D37),Sheet2!$A$1:$A$25,Sheet2!$C$1:$C$25) -> 720 | G37: =VALUE(D37) -> 1023302 | H37: =_xlfn.XLOOKUP(G37,Sheet2!A:A,Sheet2!B:B) -> 1023301 | I37: =_xlfn.XLOOKUP(VALUE(H37),Sheet2!$A$1:$A$25,Sheet2!$C$1:$C$25) -> 480 | J37: =ROUNDUP(F37/I37,0) -> 2 | K37: =ROUNDDOWN(C37/J37,0) -> 34 | L37: =_xlfn.TEXTJOIN("_",TRUE,K37,H37,J37) -> 34_1023301_2
B38: 52_1023401_1 | C38: {=_xlfn.TEXTSPLIT(B38,"_",)} -> 52 | D38: 1023401 | E38: 1 | F38: =_xlfn.XLOOKUP(VALUE(D38),Sheet2!$A$1:$A$25,Sheet2!$C$1:$C$25) -> 960 | G38: =VALUE(D38) -> 1023401 | H38: =_xlfn.XLOOKUP(G38,Sheet2!A:A,Sheet2!B:B) -> 1023401 | I38: =_xlfn.XLOOKUP(VALUE(H38),Sheet2!$A$1:$A$25,Sheet2!$C$1:$C$25) -> 960 | J38: =ROUNDUP(F38/I38,0) -> 1 | K38: =ROUNDDOWN(C38/J38,0) -> 52 | L38: =_xlfn.TEXTJOIN("_",TRUE,K38,H38,J38) -> 52_1023401_1
B39: 35_1023402_1 | C39: {=_xlfn.TEXTSPLIT(B39,"_",)} -> 35 | D39: 1023402 | E39: 1 | F39: =_xlfn.XLOOKUP(VALUE(D39),Sheet2!$A$1:$A$25,Sheet2!$C$1:$C$25) -> 1440 | G39: =VALUE(D39) -> 1023402 | H39: =_xlfn.XLOOKUP(G39,Sheet2!A:A,Sheet2!B:B) -> 1023401 | I39: =_xlfn.XLOOKUP(VALUE(H39),Sheet2!$A$1:$A$25,Sheet2!$C$1:$C$25) -> 960 | J39: =ROUNDUP(F39/I39,0) -> 2 | K39: =ROUNDDOWN(C39/J39,0) -> 17 | L39: =_xlfn.TEXTJOIN("_",TRUE,K39,H39,J39) -> 17_1023401_2
A48: 20010080 | B48: =_xlfn.XLOOKUP(A48,$A$1:$A$12,$B$1:$B$12) -> 2500_1023001_1|1667_1023002_1|1250_1023003_1|833_1023101_1|556_1023102_1|417_1023103_1|208_1023201_1|139_1023202_1|104_1023203_1|104_1023301_1|69_1023302_1|52_1023303_1|52_1023401_1|35_1023402_1|26_1023403_1 | L48: =_xlfn.TEXTJOIN("|",TRUE,L49:L63) -> 2500_1023001_1|833_1023001_2|625_1023001_2|833_1023101_1|278_1023101_2|208_1023101_2|208_1023201_1|69_1023201_2|52_1023201_2|104_1023301_1|34_1023301_2|26_1023301_2|52_1023401_1|17_1023401_2|13_1023401_2
B49: {=_xlfn.TEXTSPLIT(B48,,"|")} -> 2500_1023001_1 | C49: {=_xlfn.TEXTSPLIT(B49,"_",)} -> 2500 | D49: 1023001 | E49: 1 | F49: =_xlfn.XLOOKUP(VALUE(D49),Sheet2!$A$1:$A$25,Sheet2!$C$1:$C$25) -> 20 | G49: =VALUE(D49) -> 1023001 | H49: =_xlfn.XLOOKUP(G49,Sheet2!A:A,Sheet2!B:B) -> 1023001 | I49: =_xlfn.XLOOKUP(VALUE(H49),Sheet2!$A$1:$A$25,Sheet2!$C$1:$C$25) -> 20 | J49: =ROUNDUP(F49/I49,0) -> 1 | K49: =ROUNDDOWN(C49/J49,0) -> 2500 | L49: =_xlfn.TEXTJOIN("_",TRUE,K49,H49,J49) -> 2500_1023001_1
B50: 1667_1023002_1 | C50: {=_xlfn.TEXTSPLIT(B50,"_",)} -> 1667 | D50: 1023002 | E50: 1 | F50: =_xlfn.XLOOKUP(VALUE(D50),Sheet2!$A$1:$A$25,Sheet2!$C$1:$C$25) -> 30 | G50: =VALUE(D50) -> 1023002 | H50: =_xlfn.XLOOKUP(G50,Sheet2!A:A,Sheet2!B:B) -> 1023001 | I50: =_xlfn.XLOOKUP(VALUE(H50),Sheet2!$A$1:$A$25,Sheet2!$C$1:$C$25) -> 20 | J50: =ROUNDUP(F50/I50,0) -> 2 | K50: =ROUNDDOWN(C50/J50,0) -> 833 | L50: =_xlfn.TEXTJOIN("_",TRUE,K50,H50,J50) -> 833_1023001_2
B51: 1250_1023003_1 | C51: {=_xlfn.TEXTSPLIT(B51,"_",)} -> 1250 | D51: 1023003 | E51: 1 | F51: =_xlfn.XLOOKUP(VALUE(D51),Sheet2!$A$1:$A$25,Sheet2!$C$1:$C$25) -> 40 | G51: =VALUE(D51) -> 1023003 | H51: =_xlfn.XLOOKUP(G51,Sheet2!A:A,Sheet2!B:B) -> 1023001 | I51: =_xlfn.XLOOKUP(VALUE(H51),Sheet2!$A$1:$A$25,Sheet2!$C$1:$C$25) -> 20 | J51: =ROUNDUP(F51/I51,0) -> 2 | K51: =ROUNDDOWN(C51/J51,0) -> 625 | L51: =_xlfn.TEXTJOIN("_",TRUE,K51,H51,J51) -> 625_1023001_2
B52: 833_1023101_1 | C52: {=_xlfn.TEXTSPLIT(B52,"_",)} -> 833 | D52: 1023101 | E52: 1 | F52: =_xlfn.XLOOKUP(VALUE(D52),Sheet2!$A$1:$A$25,Sheet2!$C$1:$C$25) -> 60 | G52: =VALUE(D52) -> 1023101 | H52: =_xlfn.XLOOKUP(G52,Sheet2!A:A,Sheet2!B:B) -> 1023101 | I52: =_xlfn.XLOOKUP(VALUE(H52),Sheet2!$A$1:$A$25,Sheet2!$C$1:$C$25) -> 60 | J52: =ROUNDUP(F52/I52,0) -> 1 | K52: =ROUNDDOWN(C52/J52,0) -> 833 | L52: =_xlfn.TEXTJOIN("_",TRUE,K52,H52,J52) -> 833_1023101_1
B53: 556_1023102_1 | C53: {=_xlfn.TEXTSPLIT(B53,"_",)} -> 556 | D53: 1023102 | E53: 1 | F53: =_xlfn.XLOOKUP(VALUE(D53),Sheet2!$A$1:$A$25,Sheet2!$C$1:$C$25) -> 90 | G53: =VALUE(D53) -> 1023102 | H53: =_xlfn.XLOOKUP(G53,Sheet2!A:A,Sheet2!B:B) -> 1023101 | I53: =_xlfn.XLOOKUP(VALUE(H53),Sheet2!$A$1:$A$25,Sheet2!$C$1:$C$25) -> 60 | J53: =ROUNDUP(F53/I53,0) -> 2 | K53: =ROUNDDOWN(C53/J53,0) -> 278 | L53: =_xlfn.TEXTJOIN("_",TRUE,K53,H53,J53) -> 278_1023101_2
B54: 417_1023103_1 | C54: {=_xlfn.TEXTSPLIT(B54,"_",)} -> 417 | D54: 1023103 | E54: 1 | F54: =_xlfn.XLOOKUP(VALUE(D54),Sheet2!$A$1:$A$25,Sheet2!$C$1:$C$25) -> 120 | G54: =VALUE(D54) -> 1023103 | H54: =_xlfn.XLOOKUP(G54,Sheet2!A:A,Sheet2!B:B) -> 1023101 | I54: =_xlfn.XLOOKUP(VALUE(H54),Sheet2!$A$1:$A$25,Sheet2!$C$1:$C$25) -> 60 | J54: =ROUNDUP(F54/I54,0) -> 2 | K54: =ROUNDDOWN(C54/J54,0) -> 208 | L54: =_xlfn.TEXTJOIN("_",TRUE,K54,H54,J54) -> 208_1023101_2
B55: 208_1023201_1 | C55: {=_xlfn.TEXTSPLIT(B55,"_",)} -> 208 | D55: 1023201 | E55: 1 | F55: =_xlfn.XLOOKUP(VALUE(D55),Sheet2!$A$1:$A$25,Sheet2!$C$1:$C$25) -> 240 | G55: =VALUE(D55) -> 1023201 | H55: =_xlfn.XLOOKUP(G55,Sheet2!A:A,Sheet2!B:B) -> 1023201 | I55: =_xlfn.XLOOKUP(VALUE(H55),Sheet2!$A$1:$A$25,Sheet2!$C$1:$C$25) -> 240 | J55: =ROUNDUP(F55/I55,0) -> 1 | K55: =ROUNDDOWN(C55/J55,0) -> 208 | L55: =_xlfn.TEXTJOIN("_",TRUE,K55,H55,J55) -> 208_1023201_1
B56: 139_1023202_1 | C56: {=_xlfn.TEXTSPLIT(B56,"_",)} -> 139 | D56: 1023202 | E56: 1 | F56: =_xlfn.XLOOKUP(VALUE(D56),Sheet2!$A$1:$A$25,Sheet2!$C$1:$C$25) -> 360 | G56: =VALUE(D56) -> 1023202 | H56: =_xlfn.XLOOKUP(G56,Sheet2!A:A,Sheet2!B:B) -> 1023201 | I56: =_xlfn.XLOOKUP(VALUE(H56),Sheet2!$A$1:$A$25,Sheet2!$C$1:$C$25) -> 240 | J56: =ROUNDUP(F56/I56,0) -> 2 | K56: =ROUNDDOWN(C56/J56,0) -> 69 | L56: =_xlfn.TEXTJOIN("_",TRUE,K56,H56,J56) -> 69_1023201_2
B57: 104_1023203_1 | C57: {=_xlfn.TEXTSPLIT(B57,"_",)} -> 104 | D57: 1023203 | E57: 1 | F57: =_xlfn.XLOOKUP(VALUE(D57),Sheet2!$A$1:$A$25,Sheet2!$C$1:$C$25) -> 480 | G57: =VALUE(D57) -> 1023203 | H57: =_xlfn.XLOOKUP(G57,Sheet2!A:A,Sheet2!B:B) -> 1023201 | I57: =_xlfn.XLOOKUP(VALUE(H57),Sheet2!$A$1:$A$25,Sheet2!$C$1:$C$25) -> 240 | J57: =ROUNDUP(F57/I57,0) -> 2 | K57: =ROUNDDOWN(C57/J57,0) -> 52 | L57: =_xlfn.TEXTJOIN("_",TRUE,K57,H57,J57) -> 52_1023201_2
B58: 104_1023301_1 | C58: {=_xlfn.TEXTSPLIT(B58,"_",)} -> 104 | D58: 1023301 | E58: 1 | F58: =_xlfn.XLOOKUP(VALUE(D58),Sheet2!$A$1:$A$25,Sheet2!$C$1:$C$25) -> 480 | G58: =VALUE(D58) -> 1023301 | H58: =_xlfn.XLOOKUP(G58,Sheet2!A:A,Sheet2!B:B) -> 1023301 | I58: =_xlfn.XLOOKUP(VALUE(H58),Sheet2!$A$1:$A$25,Sheet2!$C$1:$C$25) -> 480 | J58: =ROUNDUP(F58/I58,0) -> 1 | K58: =ROUNDDOWN(C58/J58,0) -> 104 | L58: =_xlfn.TEXTJOIN("_",TRUE,K58,H58,J58) -> 104_1023301_1
B59: 69_1023302_1 | C59: {=_xlfn.TEXTSPLIT(B59,"_",)} -> 69 | D59: 1023302 | E59: 1 | F59: =_xlfn.XLOOKUP(VALUE(D59),Sheet2!$A$1:$A$25,Sheet2!$C$1:$C$25) -> 720 | G59: =VALUE(D59) -> 1023302 | H59: =_xlfn.XLOOKUP(G59,Sheet2!A:A,Sheet2!B:B) -> 1023301 | I59: =_xlfn.XLOOKUP(VALUE(H59),Sheet2!$A$1:$A$25,Sheet2!$C$1:$C$25) -> 480 | J59: =ROUNDUP(F59/I59,0) -> 2 | K59: =ROUNDDOWN(C59/J59,0) -> 34 | L59: =_xlfn.TEXTJOIN("_",TRUE,K59,H59,J59) -> 34_1023301_2
B60: 52_1023303_1 | C60: {=_xlfn.TEXTSPLIT(B60,"_",)} -> 52 | D60: 1023303 | E60: 1 | F60: =_xlfn.XLOOKUP(VALUE(D60),Sheet2!$A$1:$A$25,Sheet2!$C$1:$C$25) -> 960 | G60: =VALUE(D60) -> 1023303 | H60: =_xlfn.XLOOKUP(G60,Sheet2!A:A,Sheet2!B:B) -> 1023301 | I60: =_xlfn.XLOOKUP(VALUE(H60),Sheet2!$A$1:$A$25,Sheet2!$C$1:$C$25) -> 480 | J60: =ROUNDUP(F60/I60,0) -> 2 | K60: =ROUNDDOWN(C60/J60,0) -> 26 | L60: =_xlfn.TEXTJOIN("_",TRUE,K60,H60,J60) -> 26_1023301_2
B61: 52_1023401_1 | C61: {=_xlfn.TEXTSPLIT(B61,"_",)} -> 52 | D61: 1023401 | E61: 1 | F61: =_xlfn.XLOOKUP(VALUE(D61),Sheet2!$A$1:$A$25,Sheet2!$C$1:$C$25) -> 960 | G61: =VALUE(D61) -> 1023401 | H61: =_xlfn.XLOOKUP(G61,Sheet2!A:A,Sheet2!B:B) -> 1023401 | I61: =_xlfn.XLOOKUP(VALUE(H61),Sheet2!$A$1:$A$25,Sheet2!$C$1:$C$25) -> 960 | J61: =ROUNDUP(F61/I61,0) -> 1 | K61: =ROUNDDOWN(C61/J61,0) -> 52 | L61: =_xlfn.TEXTJOIN("_",TRUE,K61,H61,J61) -> 52_1023401_1
... B63: 26_1023403_1 | C63: {=_xlfn.TEXTSPLIT(B63,"_",)} -> 26 | D63: 1023403 | E63: 1 | F63: =_xlfn.XLOOKUP(VALUE(D63),Sheet2!$A$1:$A$25,Sheet2!$C$1:$C$25) -> 1920 | G63: =VALUE(D63) -> 1023403 | H63: =_xlfn.XLOOKUP(G63,Sheet2!A:A,Sheet2!B:B) -> 1023401 | I63: =_xlfn.XLOOKUP(VALUE(H63),Sheet2!$A$1:$A$25,Sheet2!$C$1:$C$25) -> 960 | J63: =ROUNDUP(F63/I63,0) -> 2 | K63: =ROUNDDOWN(C63/J63,0) -> 13 | L63: =_xlfn.TEXTJOIN("_",TRUE,K63,H63,J63) -> 13_1023401_2
A66: 20010090 | B66: =_xlfn.XLOOKUP(A66,$A$1:$A$12,$B$1:$B$12) -> 250_1023001_1|1667_1023002_1|1250_1023003_1|83_1023101_1|556_1023102_1|417_1023103_1|20_1023201_1|139_1023202_1|104_1023203_1|10_1023301_1|69_1023302_1|52_1023303_1|5_1023401_1|35_1023402_1|26_1023403_1 | L66: =_xlfn.TEXTJOIN("|",TRUE,L67:L81) -> 250_1023001_1|833_1023001_2|625_1023001_2|83_1023101_1|278_1023101_2|208_1023101_2|20_1023201_1|69_1023201_2|52_1023201_2|10_1023301_1|34_1023301_2|26_1023301_2|5_1023401_1|17_1023401_2|13_1023401_2
B67: {=_xlfn.TEXTSPLIT(B66,,"|")} -> 250_1023001_1 | C67: {=_xlfn.TEXTSPLIT(B67,"_",)} -> 250 | D67: 1023001 | E67: 1 | F67: =_xlfn.XLOOKUP(VALUE(D67),Sheet2!$A$1:$A$25,Sheet2!$C$1:$C$25) -> 20 | G67: =VALUE(D67) -> 1023001 | H67: =_xlfn.XLOOKUP(G67,Sheet2!A:A,Sheet2!B:B) -> 1023001 | I67: =_xlfn.XLOOKUP(VALUE(H67),Sheet2!$A$1:$A$25,Sheet2!$C$1:$C$25) -> 20 | J67: =ROUNDUP(F67/I67,0) -> 1 | K67: =ROUNDDOWN(C67/J67,0) -> 250 | L67: =_xlfn.TEXTJOIN("_",TRUE,K67,H67,J67) -> 250_1023001_1
B68: 1667_1023002_1 | C68: {=_xlfn.TEXTSPLIT(B68,"_",)} -> 1667 | D68: 1023002 | E68: 1 | F68: =_xlfn.XLOOKUP(VALUE(D68),Sheet2!$A$1:$A$25,Sheet2!$C$1:$C$25) -> 30 | G68: =VALUE(D68) -> 1023002 | H68: =_xlfn.XLOOKUP(G68,Sheet2!A:A,Sheet2!B:B) -> 1023001 | I68: =_xlfn.XLOOKUP(VALUE(H68),Sheet2!$A$1:$A$25,Sheet2!$C$1:$C$25) -> 20 | J68: =ROUNDUP(F68/I68,0) -> 2 | K68: =ROUNDDOWN(C68/J68,0) -> 833 | L68: =_xlfn.TEXTJOIN("_",TRUE,K68,H68,J68) -> 833_1023001_2
B69: 1250_1023003_1 | C69: {=_xlfn.TEXTSPLIT(B69,"_",)} -> 1250 | D69: 1023003 | E69: 1 | F69: =_xlfn.XLOOKUP(VALUE(D69),Sheet2!$A$1:$A$25,Sheet2!$C$1:$C$25) -> 40 | G69: =VALUE(D69) -> 1023003 | H69: =_xlfn.XLOOKUP(G69,Sheet2!A:A,Sheet2!B:B) -> 1023001 | I69: =_xlfn.XLOOKUP(VALUE(H69),Sheet2!$A$1:$A$25,Sheet2!$C$1:$C$25) -> 20 | J69: =ROUNDUP(F69/I69,0) -> 2 | K69: =ROUNDDOWN(C69/J69,0) -> 625 | L69: =_xlfn.TEXTJOIN("_",TRUE,K69,H69,J69) -> 625_1023001_2
B70: 83_1023101_1 | C70: {=_xlfn.TEXTSPLIT(B70,"_",)} -> 83 | D70: 1023101 | E70: 1 | F70: =_xlfn.XLOOKUP(VALUE(D70),Sheet2!$A$1:$A$25,Sheet2!$C$1:$C$25) -> 60 | G70: =VALUE(D70) -> 1023101 | H70: =_xlfn.XLOOKUP(G70,Sheet2!A:A,Sheet2!B:B) -> 1023101 | I70: =_xlfn.XLOOKUP(VALUE(H70),Sheet2!$A$1:$A$25,Sheet2!$C$1:$C$25) -> 60 | J70: =ROUNDUP(F70/I70,0) -> 1 | K70: =ROUNDDOWN(C70/J70,0) -> 83 | L70: =_xlfn.TEXTJOIN("_",TRUE,K70,H70,J70) -> 83_1023101_1
B71: 556_1023102_1 | C71: {=_xlfn.TEXTSPLIT(B71,"_",)} -> 556 | D71: 1023102 | E71: 1 | F71: =_xlfn.XLOOKUP(VALUE(D71),Sheet2!$A$1:$A$25,Sheet2!$C$1:$C$25) -> 90 | G71: =VALUE(D71) -> 1023102 | H71: =_xlfn.XLOOKUP(G71,Sheet2!A:A,Sheet2!B:B) -> 1023101 | I71: =_xlfn.XLOOKUP(VALUE(H71),Sheet2!$A$1:$A$25,Sheet2!$C$1:$C$25) -> 60 | J71: =ROUNDUP(F71/I71,0) -> 2 | K71: =ROUNDDOWN(C71/J71,0) -> 278 | L71: =_xlfn.TEXTJOIN("_",TRUE,K71,H71,J71) -> 278_1023101_2
B72: 417_1023103_1 | C72: {=_xlfn.TEXTSPLIT(B72,"_",)} -> 417 | D72: 1023103 | E72: 1 | F72: =_xlfn.XLOOKUP(VALUE(D72),Sheet2!$A$1:$A$25,Sheet2!$C$1:$C$25) -> 120 | G72: =VALUE(D72) -> 1023103 | H72: =_xlfn.XLOOKUP(G72,Sheet2!A:A,Sheet2!B:B) -> 1023101 | I72: =_xlfn.XLOOKUP(VALUE(H72),Sheet2!$A$1:$A$25,Sheet2!$C$1:$C$25) -> 60 | J72: =ROUNDUP(F72/I72,0) -> 2 | K72: =ROUNDDOWN(C72/J72,0) -> 208 | L72: =_xlfn.TEXTJOIN("_",TRUE,K72,H72,J72) -> 208_1023101_2
B73: 20_1023201_1 | C73: {=_xlfn.TEXTSPLIT(B73,"_",)} -> 20 | D73: 1023201 | E73: 1 | F73: =_xlfn.XLOOKUP(VALUE(D73),Sheet2!$A$1:$A$25,Sheet2!$C$1:$C$25) -> 240 | G73: =VALUE(D73) -> 1023201 | H73: =_xlfn.XLOOKUP(G73,Sheet2!A:A,Sheet2!B:B) -> 1023201 | I73: =_xlfn.XLOOKUP(VALUE(H73),Sheet2!$A$1:$A$25,Sheet2!$C$1:$C$25) -> 240 | J73: =ROUNDUP(F73/I73,0) -> 1 | K73: =ROUNDDOWN(C73/J73,0) -> 20 | L73: =_xlfn.TEXTJOIN("_",TRUE,K73,H73,J73) -> 20_1023201_1
B74: 139_1023202_1 | C74: {=_xlfn.TEXTSPLIT(B74,"_",)} -> 139 | D74: 1023202 | E74: 1 | F74: =_xlfn.XLOOKUP(VALUE(D74),Sheet2!$A$1:$A$25,Sheet2!$C$1:$C$25) -> 360 | G74: =VALUE(D74) -> 1023202 | H74: =_xlfn.XLOOKUP(G74,Sheet2!A:A,Sheet2!B:B) -> 1023201 | I74: =_xlfn.XLOOKUP(VALUE(H74),Sheet2!$A$1:$A$25,Sheet2!$C$1:$C$25) -> 240 | J74: =ROUNDUP(F74/I74,0) -> 2 | K74: =ROUNDDOWN(C74/J74,0) -> 69 | L74: =_xlfn.TEXTJOIN("_",TRUE,K74,H74,J74) -> 69_1023201_2
B75: 104_1023203_1 | C75: {=_xlfn.TEXTSPLIT(B75,"_",)} -> 104 | D75: 1023203 | E75: 1 | F75: =_xlfn.XLOOKUP(VALUE(D75),Sheet2!$A$1:$A$25,Sheet2!$C$1:$C$25) -> 480 | G75: =VALUE(D75) -> 1023203 | H75: =_xlfn.XLOOKUP(G75,Sheet2!A:A,Sheet2!B:B) -> 1023201 | I75: =_xlfn.XLOOKUP(VALUE(H75),Sheet2!$A$1:$A$25,Sheet2!$C$1:$C$25) -> 240 | J75: =ROUNDUP(F75/I75,0) -> 2 | K75: =ROUNDDOWN(C75/J75,0) -> 52 | L75: =_xlfn.TEXTJOIN("_",TRUE,K75,H75,J75) -> 52_1023201_2
B76: 10_1023301_1 | C76: {=_xlfn.TEXTSPLIT(B76,"_",)} -> 10 | D76: 1023301 | E76: 1 | F76: =_xlfn.XLOOKUP(VALUE(D76),Sheet2!$A$1:$A$25,Sheet2!$C$1:$C$25) -> 480 | G76: =VALUE(D76) -> 1023301 | H76: =_xlfn.XLOOKUP(G76,Sheet2!A:A,Sheet2!B:B) -> 1023301 | I76: =_xlfn.XLOOKUP(VALUE(H76),Sheet2!$A$1:$A$25,Sheet2!$C$1:$C$25) -> 480 | J76: =ROUNDUP(F76/I76,0) -> 1 | K76: =ROUNDDOWN(C76/J76,0) -> 10 | L76: =_xlfn.TEXTJOIN("_",TRUE,K76,H76,J76) -> 10_1023301_1
B77: 69_1023302_1 | C77: {=_xlfn.TEXTSPLIT(B77,"_",)} -> 69 | D77: 1023302 | E77: 1 | F77: =_xlfn.XLOOKUP(VALUE(D77),Sheet2!$A$1:$A$25,Sheet2!$C$1:$C$25) -> 720 | G77: =VALUE(D77) -> 1023302 | H77: =_xlfn.XLOOKUP(G77,Sheet2!A:A,Sheet2!B:B) -> 1023301 | I77: =_xlfn.XLOOKUP(VALUE(H77),Sheet2!$A$1:$A$25,Sheet2!$C$1:$C$25) -> 480 | J77: =ROUNDUP(F77/I77,0) -> 2 | K77: =ROUNDDOWN(C77/J77,0) -> 34 | L77: =_xlfn.TEXTJOIN("_",TRUE,K77,H77,J77) -> 34_1023301_2
B78: 52_1023303_1 | C78: {=_xlfn.TEXTSPLIT(B78,"_",)} -> 52 | D78: 1023303 | E78: 1 | F78: =_xlfn.XLOOKUP(VALUE(D78),Sheet2!$A$1:$A$25,Sheet2!$C$1:$C$25) -> 960 | G78: =VALUE(D78) -> 1023303 | H78: =_xlfn.XLOOKUP(G78,Sheet2!A:A,Sheet2!B:B) -> 1023301 | I78: =_xlfn.XLOOKUP(VALUE(H78),Sheet2!$A$1:$A$25,Sheet2!$C$1:$C$25) -> 480 | J78: =ROUNDUP(F78/I78,0) -> 2 | K78: =ROUNDDOWN(C78/J78,0) -> 26 | L78: =_xlfn.TEXTJOIN("_",TRUE,K78,H78,J78) -> 26_1023301_2
B79: 5_1023401_1 | C79: {=_xlfn.TEXTSPLIT(B79,"_",)} -> 5 | D79: 1023401 | E79: 1 | F79: =_xlfn.XLOOKUP(VALUE(D79),Sheet2!$A$1:$A$25,Sheet2!$C$1:$C$25) -> 960 | G79: =VALUE(D79) -> 1023401 | H79: =_xlfn.XLOOKUP(G79,Sheet2!A:A,Sheet2!B:B) -> 1023401 | I79: =_xlfn.XLOOKUP(VALUE(H79),Sheet2!$A$1:$A$25,Sheet2!$C$1:$C$25) -> 960 | J79: =ROUNDUP(F79/I79,0) -> 1 | K79: =ROUNDDOWN(C79/J79,0) -> 5 | L79: =_xlfn.TEXTJOIN("_",TRUE,K79,H79,J79) -> 5_1023401_1
... B81: 26_1023403_1 | C81: {=_xlfn.TEXTSPLIT(B81,"_",)} -> 26 | D81: 1023403 | E81: 1 | F81: =_xlfn.XLOOKUP(VALUE(D81),Sheet2!$A$1:$A$25,Sheet2!$C$1:$C$25) -> 1920 | G81: =VALUE(D81) -> 1023403 | H81: =_xlfn.XLOOKUP(G81,Sheet2!A:A,Sheet2!B:B) -> 1023401 | I81: =_xlfn.XLOOKUP(VALUE(H81),Sheet2!$A$1:$A$25,Sheet2!$C$1:$C$25) -> 960 | J81: =ROUNDUP(F81/I81,0) -> 2 | K81: =ROUNDDOWN(C81/J81,0) -> 13 | L81: =_xlfn.TEXTJOIN("_",TRUE,K81,H81,J81) -> 13_1023401_2
A84: 20010100 | B84: =_xlfn.XLOOKUP(A84,$A$1:$A$12,$B$1:$B$12) -> 250_1023001_1|1667_1023002_1|1250_1023003_1|833_1023004_1|83_1023101_1|556_1023102_1|417_1023103_1|278_1023104_1|20_1023201_1|139_1023202_1|104_1023203_1|69_1023204_1|10_1023301_1|69_1023302_1|52_1023303_1|35_1023304_1|5_1023401_1|35_1023402_1|26_1023403_1|17_1023404_1 | L84: =_xlfn.TEXTJOIN("|",TRUE,L85:L99) -> 250_1023001_1|833_1023001_2|625_1023001_2|277_1023001_3|83_1023101_1|278_1023101_2|208_1023101_2|92_1023101_3|20_1023201_1|69_1023201_2|52_1023201_2|23_1023201_3|10_1023301_1|34_1023301_2|26_1023301_2
B85: {=_xlfn.TEXTSPLIT(B84,,"|")} -> 250_1023001_1 | C85: {=_xlfn.TEXTSPLIT(B85,"_",)} -> 250 | D85: 1023001 | E85: 1 | F85: =_xlfn.XLOOKUP(VALUE(D85),Sheet2!$A$1:$A$25,Sheet2!$C$1:$C$25) -> 20 | G85: =VALUE(D85) -> 1023001 | H85: =_xlfn.XLOOKUP(G85,Sheet2!A:A,Sheet2!B:B) -> 1023001 | I85: =_xlfn.XLOOKUP(VALUE(H85),Sheet2!$A$1:$A$25,Sheet2!$C$1:$C$25) -> 20 | J85: =ROUNDUP(F85/I85,0) -> 1 | K85: =ROUNDDOWN(C85/J85,0) -> 250 | L85: =_xlfn.TEXTJOIN("_",TRUE,K85,H85,J85) -> 250_1023001_1
B86: 1667_1023002_1 | C86: {=_xlfn.TEXTSPLIT(B86,"_",)} -> 1667 | D86: 1023002 | E86: 1 | F86: =_xlfn.XLOOKUP(VALUE(D86),Sheet2!$A$1:$A$25,Sheet2!$C$1:$C$25) -> 30 | G86: =VALUE(D86) -> 1023002 | H86: =_xlfn.XLOOKUP(G86,Sheet2!A:A,Sheet2!B:B) -> 1023001 | I86: =_xlfn.XLOOKUP(VALUE(H86),Sheet2!$A$1:$A$25,Sheet2!$C$1:$C$25) -> 20 | J86: =ROUNDUP(F86/I86,0) -> 2 | K86: =ROUNDDOWN(C86/J86,0) -> 833 | L86: =_xlfn.TEXTJOIN("_",TRUE,K86,H86,J86) -> 833_1023001_2
B87: 1250_1023003_1 | C87: {=_xlfn.TEXTSPLIT(B87,"_",)} -> 1250 | D87: 1023003 | E87: 1 | F87: =_xlfn.XLOOKUP(VALUE(D87),Sheet2!$A$1:$A$25,Sheet2!$C$1:$C$25) -> 40 | G87: =VALUE(D87) -> 1023003 | H87: =_xlfn.XLOOKUP(G87,Sheet2!A:A,Sheet2!B:B) -> 1023001 | I87: =_xlfn.XLOOKUP(VALUE(H87),Sheet2!$A$1:$A$25,Sheet2!$C$1:$C$25) -> 20 | J87: =ROUNDUP(F87/I87,0) -> 2 | K87: =ROUNDDOWN(C87/J87,0) -> 625 | L87: =_xlfn.TEXTJOIN("_",TRUE,K87,H87,J87) -> 625_1023001_2
B88: 833_1023004_1 | C88: {=_xlfn.TEXTSPLIT(B88,"_",)} -> 833 | D88: 1023004 | E88: 1 | F88: =_xlfn.XLOOKUP(VALUE(D88),Sheet2!$A$1:$A$25,Sheet2!$C$1:$C$25) -> 60 | G88: =VALUE(D88) -> 1023004 | H88: =_xlfn.XLOOKUP(G88,Sheet2!A:A,Sheet2!B:B) -> 1023001 | I88: =_xlfn.XLOOKUP(VALUE(H88),Sheet2!$A$1:$A$25,Sheet2!$C$1:$C$25) -> 20 | J88: =ROUNDUP(F88/I88,0) -> 3 | K88: =ROUNDDOWN(C88/J88,0) -> 277 | L88: =_xlfn.TEXTJOIN("_",TRUE,K88,H88,J88) -> 277_1023001_3
B89: 83_1023101_1 | C89: {=_xlfn.TEXTSPLIT(B89,"_",)} -> 83 | D89: 1023101 | E89: 1 | F89: =_xlfn.XLOOKUP(VALUE(D89),Sheet2!$A$1:$A$25,Sheet2!$C$1:$C$25) -> 60 | G89: =VALUE(D89) -> 1023101 | H89: =_xlfn.XLOOKUP(G89,Sheet2!A:A,Sheet2!B:B) -> 1023101 | I89: =_xlfn.XLOOKUP(VALUE(H89),Sheet2!$A$1:$A$25,Sheet2!$C$1:$C$25) -> 60 | J89: =ROUNDUP(F89/I89,0) -> 1 | K89: =ROUNDDOWN(C89/J89,0) -> 83 | L89: =_xlfn.TEXTJOIN("_",TRUE,K89,H89,J89) -> 83_1023101_1
B90: 556_1023102_1 | C90: {=_xlfn.TEXTSPLIT(B90,"_",)} -> 556 | D90: 1023102 | E90: 1 | F90: =_xlfn.XLOOKUP(VALUE(D90),Sheet2!$A$1:$A$25,Sheet2!$C$1:$C$25) -> 90 | G90: =VALUE(D90) -> 1023102 | H90: =_xlfn.XLOOKUP(G90,Sheet2!A:A,Sheet2!B:B) -> 1023101 | I90: =_xlfn.XLOOKUP(VALUE(H90),Sheet2!$A$1:$A$25,Sheet2!$C$1:$C$25) -> 60 | J90: =ROUNDUP(F90/I90,0) -> 2 | K90: =ROUNDDOWN(C90/J90,0) -> 278 | L90: =_xlfn.TEXTJOIN("_",TRUE,K90,H90,J90) -> 278_1023101_2
B91: 417_1023103_1 | C91: {=_xlfn.TEXTSPLIT(B91,"_",)} -> 417 | D91: 1023103 | E91: 1 | F91: =_xlfn.XLOOKUP(VALUE(D91),Sheet2!$A$1:$A$25,Sheet2!$C$1:$C$25) -> 120 | G91: =VALUE(D91) -> 1023103 | H91: =_xlfn.XLOOKUP(G91,Sheet2!A:A,Sheet2!B:B) -> 1023101 | I91: =_xlfn.XLOOKUP(VALUE(H91),Sheet2!$A$1:$A$25,Sheet2!$C$1:$C$25) -> 60 | J91: =ROUNDUP(F91/I91,0) -> 2 | K91: =ROUNDDOWN(C91/J91,0) -> 208 | L91: =_xlfn.TEXTJOIN("_",TRUE,K91,H91,J91) -> 208_1023101_2
B92: 278_1023104_1 | C92: {=_xlfn.TEXTSPLIT(B92,"_",)} -> 278 | D92: 1023104 | E92: 1 | F92: =_xlfn.XLOOKUP(VALUE(D92),Sheet2!$A$1:$A$25,Sheet2!$C$1:$C$25) -> 180 | G92: =VALUE(D92) -> 1023104 | H92: =_xlfn.XLOOKUP(G92,Sheet2!A:A,Sheet2!B:B) -> 1023101 | I92: =_xlfn.XLOOKUP(VALUE(H92),Sheet2!$A$1:$A$25,Sheet2!$C$1:$C$25) -> 60 | J92: =ROUNDUP(F92/I92,0) -> 3 | K92: =ROUNDDOWN(C92/J92,0) -> 92 | L92: =_xlfn.TEXTJOIN("_",TRUE,K92,H92,J92) -> 92_1023101_3
B93: 20_1023201_1 | C93: {=_xlfn.TEXTSPLIT(B93,"_",)} -> 20 | D93: 1023201 | E93: 1 | F93: =_xlfn.XLOOKUP(VALUE(D93),Sheet2!$A$1:$A$25,Sheet2!$C$1:$C$25) -> 240 | G93: =VALUE(D93) -> 1023201 | H93: =_xlfn.XLOOKUP(G93,Sheet2!A:A,Sheet2!B:B) -> 1023201 | I93: =_xlfn.XLOOKUP(VALUE(H93),Sheet2!$A$1:$A$25,Sheet2!$C$1:$C$25) -> 240 | J93: =ROUNDUP(F93/I93,0) -> 1 | K93: =ROUNDDOWN(C93/J93,0) -> 20 | L93: =_xlfn.TEXTJOIN("_",TRUE,K93,H93,J93) -> 20_1023201_1
B94: 139_1023202_1 | C94: {=_xlfn.TEXTSPLIT(B94,"_",)} -> 139 | D94: 1023202 | E94: 1 | F94: =_xlfn.XLOOKUP(VALUE(D94),Sheet2!$A$1:$A$25,Sheet2!$C$1:$C$25) -> 360 | G94: =VALUE(D94) -> 1023202 | H94: =_xlfn.XLOOKUP(G94,Sheet2!A:A,Sheet2!B:B) -> 1023201 | I94: =_xlfn.XLOOKUP(VALUE(H94),Sheet2!$A$1:$A$25,Sheet2!$C$1:$C$25) -> 240 | J94: =ROUNDUP(F94/I94,0) -> 2 | K94: =ROUNDDOWN(C94/J94,0) -> 69 | L94: =_xlfn.TEXTJOIN("_",TRUE,K94,H94,J94) -> 69_1023201_2
B95: 104_1023203_1 | C95: {=_xlfn.TEXTSPLIT(B95,"_",)} -> 104 | D95: 1023203 | E95: 1 | F95: =_xlfn.XLOOKUP(VALUE(D95),Sheet2!$A$1:$A$25,Sheet2!$C$1:$C$25) -> 480 | G95: =VALUE(D95) -> 1023203 | H95: =_xlfn.XLOOKUP(G95,Sheet2!A:A,Sheet2!B:B) -> 1023201 | I95: =_xlfn.XLOOKUP(VALUE(H95),Sheet2!$A$1:$A$25,Sheet2!$C$1:$C$25) -> 240 | J95: =ROUNDUP(F95/I95,0) -> 2 | K95: =ROUNDDOWN(C95/J95,0) -> 52 | L95: =_xlfn.TEXTJOIN("_",TRUE,K95,H95,J95) -> 52_1023201_2
B96: 69_1023204_1 | C96: {=_xlfn.TEXTSPLIT(B96,"_",)} -> 69 | D96: 1023204 | E96: 1 | F96: =_xlfn.XLOOKUP(VALUE(D96),Sheet2!$A$1:$A$25,Sheet2!$C$1:$C$25) -> 720 | G96: =VALUE(D96) -> 1023204 | H96: =_xlfn.XLOOKUP(G96,Sheet2!A:A,Sheet2!B:B) -> 1023201 | I96: =_xlfn.XLOOKUP(VALUE(H96),Sheet2!$A$1:$A$25,Sheet2!$C$1:$C$25) -> 240 | J96: =ROUNDUP(F96/I96,0) -> 3 | K96: =ROUNDDOWN(C96/J96,0) -> 23 | L96: =_xlfn.TEXTJOIN("_",TRUE,K96,H96,J96) -> 23_1023201_3
B97: 10_1023301_1 | C97: {=_xlfn.TEXTSPLIT(B97,"_",)} -> 10 | D97: 1023301 | E97: 1 | F97: =_xlfn.XLOOKUP(VALUE(D97),Sheet2!$A$1:$A$25,Sheet2!$C$1:$C$25) -> 480 | G97: =VALUE(D97) -> 1023301 | H97: =_xlfn.XLOOKUP(G97,Sheet2!A:A,Sheet2!B:B) -> 1023301 | I97: =_xlfn.XLOOKUP(VALUE(H97),Sheet2!$A$1:$A$25,Sheet2!$C$1:$C$25) -> 480 | J97: =ROUNDUP(F97/I97,0) -> 1 | K97: =ROUNDDOWN(C97/J97,0) -> 10 | L97: =_xlfn.TEXTJOIN("_",TRUE,K97,H97,J97) -> 10_1023301_1
... B104: 17_1023404_1 | C104: {=_xlfn.TEXTSPLIT(B104,"_",)} -> 17 | D104: 1023404 | E104: 1 | F104: =_xlfn.XLOOKUP(VALUE(D104),Sheet2!$A$1:$A$25,Sheet2!$C$1:$C$25) -> 2880 | G104: =VALUE(D104) -> 1023404 | H104: =_xlfn.XLOOKUP(G104,Sheet2!A:A,Sheet2!B:B) -> 1023401 | I104: =_xlfn.XLOOKUP(VALUE(H104),Sheet2!$A$1:$A$25,Sheet2!$C$1:$C$25) -> 960 | J104: =ROUNDUP(F104/I104,0) -> 3 | K104: =ROUNDDOWN(C104/J104,0) -> 5 | L104: =_xlfn.TEXTJOIN("_",TRUE,K104,H104,J104) -> 5_1023401_3
A107: 20010110 | B107: =_xlfn.XLOOKUP(A107,$A$1:$A$12,$B$1:$B$12) -> 250_1023001_1|166_1023002_1|1250_1023003_1|833_1023004_1|83_1023101_1|55_1023102_1|417_1023103_1|278_1023104_1|20_1023201_1|13_1023202_1|104_1023203_1|69_1023204_1|10_1023301_1|6_1023302_1|52_1023303_1|35_1023304_1|5_1023401_1|3_1023402_1|26_1023403_1|17_1023404_1 | L107: =_xlfn.TEXTJOIN("|",TRUE,L108:L122) -> 250_1023001_1|83_1023001_2|625_1023001_2|277_1023001_3|83_1023101_1|27_1023101_2|208_1023101_2|92_1023101_3|20_1023201_1|6_1023201_2|52_1023201_2|23_1023201_3|10_1023301_1|3_1023301_2|26_1023301_2
B108: {=_xlfn.TEXTSPLIT(B107,,"|")} -> 250_1023001_1 | C108: {=_xlfn.TEXTSPLIT(B108,"_",)} -> 250 | D108: 1023001 | E108: 1 | F108: =_xlfn.XLOOKUP(VALUE(D108),Sheet2!$A$1:$A$25,Sheet2!$C$1:$C$25) -> 20 | G108: =VALUE(D108) -> 1023001 | H108: =_xlfn.XLOOKUP(G108,Sheet2!A:A,Sheet2!B:B) -> 1023001 | I108: =_xlfn.XLOOKUP(VALUE(H108),Sheet2!$A$1:$A$25,Sheet2!$C$1:$C$25) -> 20 | J108: =ROUNDUP(F108/I108,0) -> 1 | K108: =ROUNDDOWN(C108/J108,0) -> 250 | L108: =_xlfn.TEXTJOIN("_",TRUE,K108,H108,J108) -> 250_1023001_1
B109: 166_1023002_1 | C109: {=_xlfn.TEXTSPLIT(B109,"_",)} -> 166 | D109: 1023002 | E109: 1 | F109: =_xlfn.XLOOKUP(VALUE(D109),Sheet2!$A$1:$A$25,Sheet2!$C$1:$C$25) -> 30 | G109: =VALUE(D109) -> 1023002 | H109: =_xlfn.XLOOKUP(G109,Sheet2!A:A,Sheet2!B:B) -> 1023001 | I109: =_xlfn.XLOOKUP(VALUE(H109),Sheet2!$A$1:$A$25,Sheet2!$C$1:$C$25) -> 20 | J109: =ROUNDUP(F109/I109,0) -> 2 | K109: =ROUNDDOWN(C109/J109,0) -> 83 | L109: =_xlfn.TEXTJOIN("_",TRUE,K109,H109,J109) -> 83_1023001_2
B110: 1250_1023003_1 | C110: {=_xlfn.TEXTSPLIT(B110,"_",)} -> 1250 | D110: 1023003 | E110: 1 | F110: =_xlfn.XLOOKUP(VALUE(D110),Sheet2!$A$1:$A$25,Sheet2!$C$1:$C$25) -> 40 | G110: =VALUE(D110) -> 1023003 | H110: =_xlfn.XLOOKUP(G110,Sheet2!A:A,Sheet2!B:B) -> 1023001 | I110: =_xlfn.XLOOKUP(VALUE(H110),Sheet2!$A$1:$A$25,Sheet2!$C$1:$C$25) -> 20 | J110: =ROUNDUP(F110/I110,0) -> 2 | K110: =ROUNDDOWN(C110/J110,0) -> 625 | L110: =_xlfn.TEXTJOIN("_",TRUE,K110,H110,J110) -> 625_1023001_2
B111: 833_1023004_1 | C111: {=_xlfn.TEXTSPLIT(B111,"_",)} -> 833 | D111: 1023004 | E111: 1 | F111: =_xlfn.XLOOKUP(VALUE(D111),Sheet2!$A$1:$A$25,Sheet2!$C$1:$C$25) -> 60 | G111: =VALUE(D111) -> 1023004 | H111: =_xlfn.XLOOKUP(G111,Sheet2!A:A,Sheet2!B:B) -> 1023001 | I111: =_xlfn.XLOOKUP(VALUE(H111),Sheet2!$A$1:$A$25,Sheet2!$C$1:$C$25) -> 20 | J111: =ROUNDUP(F111/I111,0) -> 3 | K111: =ROUNDDOWN(C111/J111,0) -> 277 | L111: =_xlfn.TEXTJOIN("_",TRUE,K111,H111,J111) -> 277_1023001_3
B112: 83_1023101_1 | C112: {=_xlfn.TEXTSPLIT(B112,"_",)} -> 83 | D112: 1023101 | E112: 1 | F112: =_xlfn.XLOOKUP(VALUE(D112),Sheet2!$A$1:$A$25,Sheet2!$C$1:$C$25) -> 60 | G112: =VALUE(D112) -> 1023101 | H112: =_xlfn.XLOOKUP(G112,Sheet2!A:A,Sheet2!B:B) -> 1023101 | I112: =_xlfn.XLOOKUP(VALUE(H112),Sheet2!$A$1:$A$25,Sheet2!$C$1:$C$25) -> 60 | J112: =ROUNDUP(F112/I112,0) -> 1 | K112: =ROUNDDOWN(C112/J112,0) -> 83 | L112: =_xlfn.TEXTJOIN("_",TRUE,K112,H112,J112) -> 83_1023101_1
B113: 55_1023102_1 | C113: {=_xlfn.TEXTSPLIT(B113,"_",)} -> 55 | D113: 1023102 | E113: 1 | F113: =_xlfn.XLOOKUP(VALUE(D113),Sheet2!$A$1:$A$25,Sheet2!$C$1:$C$25) -> 90 | G113: =VALUE(D113) -> 1023102 | H113: =_xlfn.XLOOKUP(G113,Sheet2!A:A,Sheet2!B:B) -> 1023101 | I113: =_xlfn.XLOOKUP(VALUE(H113),Sheet2!$A$1:$A$25,Sheet2!$C$1:$C$25) -> 60 | J113: =ROUNDUP(F113/I113,0) -> 2 | K113: =ROUNDDOWN(C113/J113,0) -> 27 | L113: =_xlfn.TEXTJOIN("_",TRUE,K113,H113,J113) -> 27_1023101_2
B114: 417_1023103_1 | C114: {=_xlfn.TEXTSPLIT(B114,"_",)} -> 417 | D114: 1023103 | E114: 1 | F114: =_xlfn.XLOOKUP(VALUE(D114),Sheet2!$A$1:$A$25,Sheet2!$C$1:$C$25) -> 120 | G114: =VALUE(D114) -> 1023103 | H114: =_xlfn.XLOOKUP(G114,Sheet2!A:A,Sheet2!B:B) -> 1023101 | I114: =_xlfn.XLOOKUP(VALUE(H114),Sheet2!$A$1:$A$25,Sheet2!$C$1:$C$25) -> 60 | J114: =ROUNDUP(F114/I114,0) -> 2 | K114: =ROUNDDOWN(C114/J114,0) -> 208 | L114: =_xlfn.TEXTJOIN("_",TRUE,K114,H114,J114) -> 208_1023101_2
B115: 278_1023104_1 | C115: {=_xlfn.TEXTSPLIT(B115,"_",)} -> 278 | D115: 1023104 | E115: 1 | F115: =_xlfn.XLOOKUP(VALUE(D115),Sheet2!$A$1:$A$25,Sheet2!$C$1:$C$25) -> 180 | G115: =VALUE(D115) -> 1023104 | H115: =_xlfn.XLOOKUP(G115,Sheet2!A:A,Sheet2!B:B) -> 1023101 | I115: =_xlfn.XLOOKUP(VALUE(H115),Sheet2!$A$1:$A$25,Sheet2!$C$1:$C$25) -> 60 | J115: =ROUNDUP(F115/I115,0) -> 3 | K115: =ROUNDDOWN(C115/J115,0) -> 92 | L115: =_xlfn.TEXTJOIN("_",TRUE,K115,H115,J115) -> 92_1023101_3
B116: 20_1023201_1 | C116: {=_xlfn.TEXTSPLIT(B116,"_",)} -> 20 | D116: 1023201 | E116: 1 | F116: =_xlfn.XLOOKUP(VALUE(D116),Sheet2!$A$1:$A$25,Sheet2!$C$1:$C$25) -> 240 | G116: =VALUE(D116) -> 1023201 | H116: =_xlfn.XLOOKUP(G116,Sheet2!A:A,Sheet2!B:B) -> 1023201 | I116: =_xlfn.XLOOKUP(VALUE(H116),Sheet2!$A$1:$A$25,Sheet2!$C$1:$C$25) -> 240 | J116: =ROUNDUP(F116/I116,0) -> 1 | K116: =ROUNDDOWN(C116/J116,0) -> 20 | L116: =_xlfn.TEXTJOIN("_",TRUE,K116,H116,J116) -> 20_1023201_1
B117: 13_1023202_1 | C117: {=_xlfn.TEXTSPLIT(B117,"_",)} -> 13 | D117: 1023202 | E117: 1 | F117: =_xlfn.XLOOKUP(VALUE(D117),Sheet2!$A$1:$A$25,Sheet2!$C$1:$C$25) -> 360 | G117: =VALUE(D117) -> 1023202 | H117: =_xlfn.XLOOKUP(G117,Sheet2!A:A,Sheet2!B:B) -> 1023201 | I117: =_xlfn.XLOOKUP(VALUE(H117),Sheet2!$A$1:$A$25,Sheet2!$C$1:$C$25) -> 240 | J117: =ROUNDUP(F117/I117,0) -> 2 | K117: =ROUNDDOWN(C117/J117,0) -> 6 | L117: =_xlfn.TEXTJOIN("_",TRUE,K117,H117,J117) -> 6_1023201_2
B118: 104_1023203_1 | C118: {=_xlfn.TEXTSPLIT(B118,"_",)} -> 104 | D118: 1023203 | E118: 1 | F118: =_xlfn.XLOOKUP(VALUE(D118),Sheet2!$A$1:$A$25,Sheet2!$C$1:$C$25) -> 480 | G118: =VALUE(D118) -> 1023203 | H118: =_xlfn.XLOOKUP(G118,Sheet2!A:A,Sheet2!B:B) -> 1023201 | I118: =_xlfn.XLOOKUP(VALUE(H118),Sheet2!$A$1:$A$25,Sheet2!$C$1:$C$25) -> 240 | J118: =ROUNDUP(F118/I118,0) -> 2 | K118: =ROUNDDOWN(C118/J118,0) -> 52 | L118: =_xlfn.TEXTJOIN("_",TRUE,K118,H118,J118) -> 52_1023201_2
B119: 69_1023204_1 | C119: {=_xlfn.TEXTSPLIT(B119,"_",)} -> 69 | D119: 1023204 | E119: 1 | F119: =_xlfn.XLOOKUP(VALUE(D119),Sheet2!$A$1:$A$25,Sheet2!$C$1:$C$25) -> 720 | G119: =VALUE(D119) -> 1023204 | H119: =_xlfn.XLOOKUP(G119,Sheet2!A:A,Sheet2!B:B) -> 1023201 | I119: =_xlfn.XLOOKUP(VALUE(H119),Sheet2!$A$1:$A$25,Sheet2!$C$1:$C$25) -> 240 | J119: =ROUNDUP(F119/I119,0) -> 3 | K119: =ROUNDDOWN(C119/J119,0) -> 23 | L119: =_xlfn.TEXTJOIN("_",TRUE,K119,H119,J119) -> 23_1023201_3
B120: 10_1023301_1 | C120: {=_xlfn.TEXTSPLIT(B120,"_",)} -> 10 | D120: 1023301 | E120: 1 | F120: =_xlfn.XLOOKUP(VALUE(D120),Sheet2!$A$1:$A$25,Sheet2!$C$1:$C$25) -> 480 | G120: =VALUE(D120) -> 1023301 | H120: =_xlfn.XLOOKUP(G120,Sheet2!A:A,Sheet2!B:B) -> 1023301 | I120: =_xlfn.XLOOKUP(VALUE(H120),Sheet2!$A$1:$A$25,Sheet2!$C$1:$C$25) -> 480 | J120: =ROUNDUP(F120/I120,0) -> 1 | K120: =ROUNDDOWN(C120/J120,0) -> 10 | L120: =_xlfn.TEXTJOIN("_",TRUE,K120,H120,J120) -> 10_1023301_1
... B127: 17_1023404_1 | C127: {=_xlfn.TEXTSPLIT(B127,"_",)} -> 17 | D127: 1023404 | E127: 1 | F127: =_xlfn.XLOOKUP(VALUE(D127),Sheet2!$A$1:$A$25,Sheet2!$C$1:$C$25) -> 2880 | G127: =VALUE(D127) -> 1023404 | H127: =_xlfn.XLOOKUP(G127,Sheet2!A:A,Sheet2!B:B) -> 1023401 | I127: =_xlfn.XLOOKUP(VALUE(H127),Sheet2!$A$1:$A$25,Sheet2!$C$1:$C$25) -> 960 | J127: =ROUNDUP(F127/I127,0) -> 3 | K127: =ROUNDDOWN(C127/J127,0) -> 5 | L127: =_xlfn.TEXTJOIN("_",TRUE,K127,H127,J127) -> 5_1023401_3
A130: 20010120 | B130: =_xlfn.XLOOKUP(A130,$A$1:$A$12,$B$1:$B$12) -> 250_1023001_1|166_1023002_1|1250_1023003_1|833_1023004_1|417_1023005_1|83_1023101_1|55_1023102_1|417_1023103_1|278_1023104_1|139_1023105_1|20_1023201_1|13_1023202_1|104_1023203_1|69_1023204_1|35_1023205_1|10_1023301_1|6_1023302_1|52_1023303_1|35_1023304_1|17_1023305_1|5_1023401_1|3_1023402_1|26_1023403_1|17_1023404_1|9_1023405_1 | L130: =_xlfn.TEXTJOIN("|",TRUE,L131:L145) -> 250_1023001_1|83_1023001_2|625_1023001_2|277_1023001_3|69_1023001_6|83_1023101_1|27_1023101_2|208_1023101_2|92_1023101_3|23_1023101_6|20_1023201_1|6_1023201_2|52_1023201_2|23_1023201_3|5_1023201_6
B131: {=_xlfn.TEXTSPLIT(B130,,"|")} -> 250_1023001_1 | C131: {=_xlfn.TEXTSPLIT(B131,"_",)} -> 250 | D131: 1023001 | E131: 1 | F131: =_xlfn.XLOOKUP(VALUE(D131),Sheet2!$A$1:$A$25,Sheet2!$C$1:$C$25) -> 20 | G131: =VALUE(D131) -> 1023001 | H131: =_xlfn.XLOOKUP(G131,Sheet2!A:A,Sheet2!B:B) -> 1023001 | I131: =_xlfn.XLOOKUP(VALUE(H131),Sheet2!$A$1:$A$25,Sheet2!$C$1:$C$25) -> 20 | J131: =ROUNDUP(F131/I131,0) -> 1 | K131: =ROUNDDOWN(C131/J131,0) -> 250 | L131: =_xlfn.TEXTJOIN("_",TRUE,K131,H131,J131) -> 250_1023001_1
B132: 166_1023002_1 | C132: {=_xlfn.TEXTSPLIT(B132,"_",)} -> 166 | D132: 1023002 | E132: 1 | F132: =_xlfn.XLOOKUP(VALUE(D132),Sheet2!$A$1:$A$25,Sheet2!$C$1:$C$25) -> 30 | G132: =VALUE(D132) -> 1023002 | H132: =_xlfn.XLOOKUP(G132,Sheet2!A:A,Sheet2!B:B) -> 1023001 | I132: =_xlfn.XLOOKUP(VALUE(H132),Sheet2!$A$1:$A$25,Sheet2!$C$1:$C$25) -> 20 | J132: =ROUNDUP(F132/I132,0) -> 2 | K132: =ROUNDDOWN(C132/J132,0) -> 83 | L132: =_xlfn.TEXTJOIN("_",TRUE,K132,H132,J132) -> 83_1023001_2
B133: 1250_1023003_1 | C133: {=_xlfn.TEXTSPLIT(B133,"_",)} -> 1250 | D133: 1023003 | E133: 1 | F133: =_xlfn.XLOOKUP(VALUE(D133),Sheet2!$A$1:$A$25,Sheet2!$C$1:$C$25) -> 40 | G133: =VALUE(D133) -> 1023003 | H133: =_xlfn.XLOOKUP(G133,Sheet2!A:A,Sheet2!B:B) -> 1023001 | I133: =_xlfn.XLOOKUP(VALUE(H133),Sheet2!$A$1:$A$25,Sheet2!$C$1:$C$25) -> 20 | J133: =ROUNDUP(F133/I133,0) -> 2 | K133: =ROUNDDOWN(C133/J133,0) -> 625 | L133: =_xlfn.TEXTJOIN("_",TRUE,K133,H133,J133) -> 625_1023001_2
B134: 833_1023004_1 | C134: {=_xlfn.TEXTSPLIT(B134,"_",)} -> 833 | D134: 1023004 | E134: 1 | F134: =_xlfn.XLOOKUP(VALUE(D134),Sheet2!$A$1:$A$25,Sheet2!$C$1:$C$25) -> 60 | G134: =VALUE(D134) -> 1023004 | H134: =_xlfn.XLOOKUP(G134,Sheet2!A:A,Sheet2!B:B) -> 1023001 | I134: =_xlfn.XLOOKUP(VALUE(H134),Sheet2!$A$1:$A$25,Sheet2!$C$1:$C$25) -> 20 | J134: =ROUNDUP(F134/I134,0) -> 3 | K134: =ROUNDDOWN(C134/J134,0) -> 277 | L134: =_xlfn.TEXTJOIN("_",TRUE,K134,H134,J134) -> 277_1023001_3
B135: 417_1023005_1 | C135: {=_xlfn.TEXTSPLIT(B135,"_",)} -> 417 | D135: 1023005 | E135: 1 | F135: =_xlfn.XLOOKUP(VALUE(D135),Sheet2!$A$1:$A$25,Sheet2!$C$1:$C$25) -> 120 | G135: =VALUE(D135) -> 1023005 | H135: =_xlfn.XLOOKUP(G135,Sheet2!A:A,Sheet2!B:B) -> 1023001 | I135: =_xlfn.XLOOKUP(VALUE(H135),Sheet2!$A$1:$A$25,Sheet2!$C$1:$C$25) -> 20 | J135: =ROUNDUP(F135/I135,0) -> 6 | K135: =ROUNDDOWN(C135/J135,0) -> 69 | L135: =_xlfn.TEXTJOIN("_",TRUE,K135,H135,J135) -> 69_1023001_6
...

Sheet Sheet1 (2)
A1: 20020001 | B1: 4450_1023001_4|2960_1023101_2|1480_1023201_1|740_1023301_1|370_1023401_1 | C1: =_xlfn.XLOOKUP(A1,$A$16:$A$222,$L$16:$L$222,B1) -> 4450_1023001_4|2960_1023101_2|1480_1023201_1|740_1023301_1|370_1023401_1
A2: 20020002 | B2: 4450_1023002_4|2960_1023102_2|1480_1023202_1|740_1023302_1|370_1023402_1 | C2: =_xlfn.XLOOKUP(A2,$A$16:$A$222,$L$16:$L$222,B2) -> 4450_1023001_6|2960_1023101_3|987_1023201_2|494_1023301_2|247_1023401_2
A3: 20020003 | B3: 4450_1023003_4|2960_1023103_2|1480_1023203_1|740_1023303_1|370_1023403_1 | C3: =_xlfn.XLOOKUP(A3,$A$16:$A$222,$L$16:$L$222,B3) -> 4450_1023001_8|2960_1023101_4|1480_1023201_2|740_1023301_2|370_1023401_2
A4: 20020004 | B4: 4450_1023004_4|2960_1023104_2|1480_1023204_1|740_1023304_1|370_1023404_1 | C4: =_xlfn.XLOOKUP(A4,$A$16:$A$222,$L$16:$L$222,B4) -> 4450_1023001_12|2960_1023101_6|1480_1023201_3|740_1023301_3|370_1023401_3
A5: 20020005 | B5: 4450_1023005_4|2960_1023105_2|1480_1023205_1|740_1023305_1|370_1023405_1 | C5: =_xlfn.XLOOKUP(A5,$A$16:$A$222,$L$16:$L$222,B5) -> 4450_1023001_24|2960_1023101_12|1480_1023201_6|740_1023301_6|370_1023401_6
A6: 20020011 | B6: 4450_1023001_8|2960_1023101_4|1480_1023201_2|740_1023301_2|370_1023401_2 | C6: =_xlfn.XLOOKUP(A6,$A$16:$A$222,$L$16:$L$222,B6) -> 4450_1023001_8|2960_1023101_4|1480_1023201_2|740_1023301_2|370_1023401_2
A7: 20020012 | B7: 4450_1023002_8|2960_1023102_4|1480_1023202_2|740_1023302_2|370_1023402_2 | C7: =_xlfn.XLOOKUP(A7,$A$16:$A$222,$L$16:$L$222,B7) -> 4450_1023001_12|2960_1023101_6|1480_1023201_3|740_1023301_3|370_1023401_3
A8: 20020013 | B8: 4450_1023003_8|2960_1023103_4|1480_1023203_2|740_1023303_2|370_1023403_2 | C8: =_xlfn.XLOOKUP(A8,$A$16:$A$222,$L$16:$L$222,B8) -> 4450_1023001_16|2960_1023101_8|1480_1023201_4|740_1023301_4|370_1023401_4
A9: 20020014 | B9: 4450_1023004_8|2960_1023104_4|1480_1023204_2|740_1023304_2|370_1023404_2 | C9: =_xlfn.XLOOKUP(A9,$A$16:$A$222,$L$16:$L$222,B9) -> 4450_1023001_24|2960_1023101_12|1480_1023201_6|740_1023301_6|370_1023401_6
A10: 20020015 | B10: 4450_1023005_8|2960_1023105_4|1480_1023205_2|740_1023305_2|370_1023405_2 | C10: =_xlfn.XLOOKUP(A10,$A$16:$A$222,$L$16:$L$222,B10) -> 4450_1023001_48|2960_1023101_24|1480_1023201_12|740_1023301_12|370_1023401_12
E15: 原数量 | F15: 总价 | G15: 原道具 | H15: 新道具 | I15: 单价 | J15: 新数量
A16: 20020001 | B16: =_xlfn.XLOOKUP(A16,$A$1:$A$12,$B$1:$B$12) -> 4450_1023001_4|2960_1023101_2|1480_1023201_1|740_1023301_1|370_1023401_1 | L16: =_xlfn.TEXTJOIN("|",TRUE,L17:L26) -> 4450_1023001_4|2960_1023101_2|1480_1023201_1|740_1023301_1|370_1023401_1
B17: {=_xlfn.TEXTSPLIT(B16,,"|")} -> 4450_1023001_4 | C17: {=_xlfn.TEXTSPLIT(B17,"_",)} -> 4450 | D17: 1023001 | E17: 4 | F17: =_xlfn.XLOOKUP(VALUE(D17),Sheet2!$A$1:$A$25,Sheet2!$C$1:$C$25)*E17 -> 80 | G17: =VALUE(D17) -> 1023001 | H17: =_xlfn.XLOOKUP(G17,Sheet2!A:A,Sheet2!B:B) -> 1023001 | I17: =_xlfn.XLOOKUP(VALUE(H17),Sheet2!$A$1:$A$25,Sheet2!$C$1:$C$25) -> 20 | J17: =ROUNDUP(IF(H17=G17,E17,F17/I17),0) -> 4 | K17: =ROUNDUP(IF(H17=G17,C17,C17),0) -> 4450 | L17: =_xlfn.TEXTJOIN("_",TRUE,K17,H17,J17) -> 4450_1023001_4
B18: 2960_1023101_2 | C18: {=_xlfn.TEXTSPLIT(B18,"_",)} -> 2960 | D18: 1023101 | E18: 2 | F18: =_xlfn.XLOOKUP(VALUE(D18),Sheet2!$A$1:$A$25,Sheet2!$C$1:$C$25)*E18 -> 120 | G18: =VALUE(D18) -> 1023101 | H18: =_xlfn.XLOOKUP(G18,Sheet2!A:A,Sheet2!B:B) -> 1023101 | I18: =_xlfn.XLOOKUP(VALUE(H18),Sheet2!$A$1:$A$25,Sheet2!$C$1:$C$25) -> 60 | J18: =ROUNDUP(IF(H18=G18,E18,F18/I18),0) -> 2 | K18: =ROUNDUP(IF(H18=G18,C18,C18),0) -> 2960 | L18: =_xlfn.TEXTJOIN("_",TRUE,K18,H18,J18) -> 2960_1023101_2
B19: 1480_1023201_1 | C19: {=_xlfn.TEXTSPLIT(B19,"_",)} -> 1480 | D19: 1023201 | E19: 1 | F19: =_xlfn.XLOOKUP(VALUE(D19),Sheet2!$A$1:$A$25,Sheet2!$C$1:$C$25)*E19 -> 240 | G19: =VALUE(D19) -> 1023201 | H19: =_xlfn.XLOOKUP(G19,Sheet2!A:A,Sheet2!B:B) -> 1023201 | I19: =_xlfn.XLOOKUP(VALUE(H19),Sheet2!$A$1:$A$25,Sheet2!$C$1:$C$25) -> 240 | J19: =ROUNDUP(IF(H19=G19,E19,F19/I19),0) -> 1 | K19: =ROUNDUP(IF(H19=G19,C19,C19),0) -> 1480 | L19: =_xlfn.TEXTJOIN("_",TRUE,K19,H19,J19) -> 1480_1023201_1
B20: 740_1023301_1 | C20: {=_xlfn.TEXTSPLIT(B20,"_",)} -> 740 | D20: 1023301 | E20: 1 | F20: =_xlfn.XLOOKUP(VALUE(D20),Sheet2!$A$1:$A$25,Sheet2!$C$1:$C$25)*E20 -> 480 | G20: =VALUE(D20) -> 1023301 | H20: =_xlfn.XLOOKUP(G20,Sheet2!A:A,Sheet2!B:B) -> 1023301 | I20: =_xlfn.XLOOKUP(VALUE(H20),Sheet2!$A$1:$A$25,Sheet2!$C$1:$C$25) -> 480 | J20: =ROUNDUP(IF(H20=G20,E20,F20/I20),0) -> 1 | K20: =ROUNDUP(IF(H20=G20,C20,C20),0) -> 740 | L20: =_xlfn.TEXTJOIN("_",TRUE,K20,H20,J20) -> 740_1023301_1
B21: 370_1023401_1 | C21: {=_xlfn.TEXTSPLIT(B21,"_",)} -> 370 | D21: 1023401 | E21: 1 | F21: =_xlfn.XLOOKUP(VALUE(D21),Sheet2!$A$1:$A$25,Sheet2!$C$1:$C$25)*E21 -> 960 | G21: =VALUE(D21) -> 1023401 | H21: =_xlfn.XLOOKUP(G21,Sheet2!A:A,Sheet2!B:B) -> 1023401 | I21: =_xlfn.XLOOKUP(VALUE(H21),Sheet2!$A$1:$A$25,Sheet2!$C$1:$C$25) -> 960 | J21: =ROUNDUP(IF(H21=G21,E21,F21/I21),0) -> 1 | K21: =ROUNDUP(IF(H21=G21,C21,C21),0) -> 370 | L21: =_xlfn.TEXTJOIN("_",TRUE,K21,H21,J21) -> 370_1023401_1
A29: 20020002 | B29: =_xlfn.XLOOKUP(A29,$A$1:$A$12,$B$1:$B$12) -> 4450_1023002_4|2960_1023102_2|1480_1023202_1|740_1023302_1|370_1023402_1 | L29: =_xlfn.TEXTJOIN("|",TRUE,L30:L44) -> 4450_1023001_6|2960_1023101_3|987_1023201_2|494_1023301_2|247_1023401_2
B30: {=_xlfn.TEXTSPLIT(B29,,"|")} -> 4450_1023002_4 | C30: {=_xlfn.TEXTSPLIT(B30,"_",)} -> 4450 | D30: 1023002 | E30: 4 | F30: =_xlfn.XLOOKUP(VALUE(D30),Sheet2!$A$1:$A$25,Sheet2!$C$1:$C$25)*E30 -> 120 | G30: =VALUE(D30) -> 1023002 | H30: =_xlfn.XLOOKUP(G30,Sheet2!A:A,Sheet2!B:B) -> 1023001 | I30: =_xlfn.XLOOKUP(VALUE(H30),Sheet2!$A$1:$A$25,Sheet2!$C$1:$C$25) -> 20 | J30: =ROUNDUP(IF(H30=G30,E30,F30/I30),2) -> 6 | K30: =ROUNDUP(IF(H30=G30,C30,C30),0) -> 4450 | L30: =_xlfn.TEXTJOIN("_",TRUE,K30,H30,J30) -> 4450_1023001_6
B31: 2960_1023102_2 | C31: {=_xlfn.TEXTSPLIT(B31,"_",)} -> 2960 | D31: 1023102 | E31: 2 | F31: =_xlfn.XLOOKUP(VALUE(D31),Sheet2!$A$1:$A$25,Sheet2!$C$1:$C$25)*E31 -> 180 | G31: =VALUE(D31) -> 1023102 | H31: =_xlfn.XLOOKUP(G31,Sheet2!A:A,Sheet2!B:B) -> 1023101 | I31: =_xlfn.XLOOKUP(VALUE(H31),Sheet2!$A$1:$A$25,Sheet2!$C$1:$C$25) -> 60 | J31: =ROUNDUP(IF(H31=G31,E31,F31/I31),2) -> 3 | K31: =ROUNDUP(IF(H31=G31,C31,C31),0) -> 2960 | L31: =_xlfn.TEXTJOIN("_",TRUE,K31,H31,J31) -> 2960_1023101_3
B32: 1480_1023202_1 | C32: {=_xlfn.TEXTSPLIT(B32,"_",)} -> 1480 | D32: 1023202 | E32: 1 | F32: =_xlfn.XLOOKUP(VALUE(D32),Sheet2!$A$1:$A$25,Sheet2!$C$1:$C$25)*E32 -> 360 | G32: =VALUE(D32) -> 1023202 | H32: =_xlfn.XLOOKUP(G32,Sheet2!A:A,Sheet2!B:B) -> 1023201 | I32: =_xlfn.XLOOKUP(VALUE(H32),Sheet2!$A$1:$A$25,Sheet2!$C$1:$C$25) -> 240 | J32: =ROUNDUP(IF(H32=G32,E32,F32/I32),2) -> 1.5 | K32: =ROUNDUP(IF(H32=G32,C32,C32/N32),0) -> 987 | L32: =_xlfn.TEXTJOIN("_",TRUE,K32,H32,O32) -> 987_1023201_2 | N32: 1.5 | O32: =ROUNDUP(J32,0) -> 2
B33: 740_1023302_1 | C33: {=_xlfn.TEXTSPLIT(B33,"_",)} -> 740 | D33: 1023302 | E33: 1 | F33: =_xlfn.XLOOKUP(VALUE(D33),Sheet2!$A$1:$A$25,Sheet2!$C$1:$C$25)*E33 -> 720 | G33: =VALUE(D33) -> 1023302 | H33: =_xlfn.XLOOKUP(G33,Sheet2!A:A,Sheet2!B:B) -> 1023301 | I33: =_xlfn.XLOOKUP(VALUE(H33),Sheet2!$A$1:$A$25,Sheet2!$C$1:$C$25) -> 480 | J33: =ROUNDUP(IF(H33=G33,E33,F33/I33),2) -> 1.5 | K33: =ROUNDUP(IF(H33=G33,C33,C33/N33),0) -> 494 | L33: =_xlfn.TEXTJOIN("_",TRUE,K33,H33,O33) -> 494_1023301_2 | N33: 1.5 | O33: =ROUNDUP(J33,0) -> 2
B34: 370_1023402_1 | C34: {=_xlfn.TEXTSPLIT(B34,"_",)} -> 370 | D34: 1023402 | E34: 1 | F34: =_xlfn.XLOOKUP(VALUE(D34),Sheet2!$A$1:$A$25,Sheet2!$C$1:$C$25)*E34 -> 1440 | G34: =VALUE(D34) -> 1023402 | H34: =_xlfn.XLOOKUP(G34,Sheet2!A:A,Sheet2!B:B) -> 1023401 | I34: =_xlfn.XLOOKUP(VALUE(H34),Sheet2!$A$1:$A$25,Sheet2!$C$1:$C$25) -> 960 | J34: =ROUNDUP(IF(H34=G34,E34,F34/I34),2) -> 1.5 | K34: =ROUNDUP(IF(H34=G34,C34,C34/N34),0) -> 247 | L34: =_xlfn.TEXTJOIN("_",TRUE,K34,H34,O34) -> 247_1023401_2 | N34: 1.5 | O34: =ROUNDUP(J34,0) -> 2
A48: 20020003 | B48: =_xlfn.XLOOKUP(A48,$A$1:$A$12,$B$1:$B$12) -> 4450_1023003_4|2960_1023103_2|1480_1023203_1|740_1023303_1|370_1023403_1 | L48: =_xlfn.TEXTJOIN("|",TRUE,L49:L63) -> 4450_1023001_8|2960_1023101_4|1480_1023201_2|740_1023301_2|370_1023401_2
B49: {=_xlfn.TEXTSPLIT(B48,,"|")} -> 4450_1023003_4 | C49: {=_xlfn.TEXTSPLIT(B49,"_",)} -> 4450 | D49: 1023003 | E49: 4 | F49: =_xlfn.XLOOKUP(VALUE(D49),Sheet2!$A$1:$A$25,Sheet2!$C$1:$C$25)*E49 -> 160 | G49: =VALUE(D49) -> 1023003 | H49: =_xlfn.XLOOKUP(G49,Sheet2!A:A,Sheet2!B:B) -> 1023001 | I49: =_xlfn.XLOOKUP(VALUE(H49),Sheet2!$A$1:$A$25,Sheet2!$C$1:$C$25) -> 20 | J49: =ROUNDUP(IF(H49=G49,E49,F49/I49),2) -> 8 | K49: =ROUNDUP(IF(H49=G49,C49,C49),0) -> 4450 | L49: =_xlfn.TEXTJOIN("_",TRUE,K49,H49,J49) -> 4450_1023001_8
B50: 2960_1023103_2 | C50: {=_xlfn.TEXTSPLIT(B50,"_",)} -> 2960 | D50: 1023103 | E50: 2 | F50: =_xlfn.XLOOKUP(VALUE(D50),Sheet2!$A$1:$A$25,Sheet2!$C$1:$C$25)*E50 -> 240 | G50: =VALUE(D50) -> 1023103 | H50: =_xlfn.XLOOKUP(G50,Sheet2!A:A,Sheet2!B:B) -> 1023101 | I50: =_xlfn.XLOOKUP(VALUE(H50),Sheet2!$A$1:$A$25,Sheet2!$C$1:$C$25) -> 60 | J50: =ROUNDUP(IF(H50=G50,E50,F50/I50),2) -> 4 | K50: =ROUNDUP(IF(H50=G50,C50,C50),0) -> 2960 | L50: =_xlfn.TEXTJOIN("_",TRUE,K50,H50,J50) -> 2960_1023101_4
B51: 1480_1023203_1 | C51: {=_xlfn.TEXTSPLIT(B51,"_",)} -> 1480 | D51: 1023203 | E51: 1 | F51: =_xlfn.XLOOKUP(VALUE(D51),Sheet2!$A$1:$A$25,Sheet2!$C$1:$C$25)*E51 -> 480 | G51: =VALUE(D51) -> 1023203 | H51: =_xlfn.XLOOKUP(G51,Sheet2!A:A,Sheet2!B:B) -> 1023201 | I51: =_xlfn.XLOOKUP(VALUE(H51),Sheet2!$A$1:$A$25,Sheet2!$C$1:$C$25) -> 240 | J51: =ROUNDUP(IF(H51=G51,E51,F51/I51),2) -> 2 | K51: =ROUNDUP(IF(H51=G51,C51,C51),0) -> 1480 | L51: =_xlfn.TEXTJOIN("_",TRUE,K51,H51,J51) -> 1480_1023201_2
B52: 740_1023303_1 | C52: {=_xlfn.TEXTSPLIT(B52,"_",)} -> 740 | D52: 1023303 | E52: 1 | F52: =_xlfn.XLOOKUP(VALUE(D52),Sheet2!$A$1:$A$25,Sheet2!$C$1:$C$25)*E52 -> 960 | G52: =VALUE(D52) -> 1023303 | H52: =_xlfn.XLOOKUP(G52,Sheet2!A:A,Sheet2!B:B) -> 1023301 | I52: =_xlfn.XLOOKUP(VALUE(H52),Sheet2!$A$1:$A$25,Sheet2!$C$1:$C$25) -> 480 | J52: =ROUNDUP(IF(H52=G52,E52,F52/I52),2) -> 2 | K52: =ROUNDUP(IF(H52=G52,C52,C52),0) -> 740 | L52: =_xlfn.TEXTJOIN("_",TRUE,K52,H52,J52) -> 740_1023301_2
B53: 370_1023403_1 | C53: {=_xlfn.TEXTSPLIT(B53,"_",)} -> 370 | D53: 1023403 | E53: 1 | F53: =_xlfn.XLOOKUP(VALUE(D53),Sheet2!$A$1:$A$25,Sheet2!$C$1:$C$25)*E53 -> 1920 | G53: =VALUE(D53) -> 1023403 | H53: =_xlfn.XLOOKUP(G53,Sheet2!A:A,Sheet2!B:B) -> 1023401 | I53: =_xlfn.XLOOKUP(VALUE(H53),Sheet2!$A$1:$A$25,Sheet2!$C$1:$C$25) -> 960 | J53: =ROUNDUP(IF(H53=G53,E53,F53/I53),2) -> 2 | K53: =ROUNDUP(IF(H53=G53,C53,C53),0) -> 370 | L53: =_xlfn.TEXTJOIN("_",TRUE,K53,H53,J53) -> 370_1023401_2
A66: 20020004 | B66: =_xlfn.XLOOKUP(A66,$A$1:$A$12,$B$1:$B$12) -> 4450_1023004_4|2960_1023104_2|1480_1023204_1|740_1023304_1|370_1023404_1 | L66: =_xlfn.TEXTJOIN("|",TRUE,L67:L81) -> 4450_1023001_12|2960_1023101_6|1480_1023201_3|740_1023301_3|370_1023401_3
B67: {=_xlfn.TEXTSPLIT(B66,,"|")} -> 4450_1023004_4 | C67: {=_xlfn.TEXTSPLIT(B67,"_",)} -> 4450 | D67: 1023004 | E67: 4 | F67: =_xlfn.XLOOKUP(VALUE(D67),Sheet2!$A$1:$A$25,Sheet2!$C$1:$C$25)*E67 -> 240 | G67: =VALUE(D67) -> 1023004 | H67: =_xlfn.XLOOKUP(G67,Sheet2!A:A,Sheet2!B:B) -> 1023001 | I67: =_xlfn.XLOOKUP(VALUE(H67),Sheet2!$A$1:$A$25,Sheet2!$C$1:$C$25) -> 20 | J67: =ROUNDUP(IF(H67=G67,E67,F67/I67),2) -> 12 | K67: =ROUNDUP(IF(H67=G67,C67,C67),0) -> 4450 | L67: =_xlfn.TEXTJOIN("_",TRUE,K67,H67,J67) -> 4450_1023001_12
B68: 2960_1023104_2 | C68: {=_xlfn.TEXTSPLIT(B68,"_",)} -> 2960 | D68: 1023104 | E68: 2 | F68: =_xlfn.XLOOKUP(VALUE(D68),Sheet2!$A$1:$A$25,Sheet2!$C$1:$C$25)*E68 -> 360 | G68: =VALUE(D68) -> 1023104 | H68: =_xlfn.XLOOKUP(G68,Sheet2!A:A,Sheet2!B:B) -> 1023101 | I68: =_xlfn.XLOOKUP(VALUE(H68),Sheet2!$A$1:$A$25,Sheet2!$C$1:$C$25) -> 60 | J68: =ROUNDUP(IF(H68=G68,E68,F68/I68),2) -> 6 | K68: =ROUNDUP(IF(H68=G68,C68,C68),0) -> 2960 | L68: =_xlfn.TEXTJOIN("_",TRUE,K68,H68,J68) -> 2960_1023101_6
B69: 1480_1023204_1 | C69: {=_xlfn.TEXTSPLIT(B69,"_",)} -> 1480 | D69: 1023204 | E69: 1 | F69: =_xlfn.XLOOKUP(VALUE(D69),Sheet2!$A$1:$A$25,Sheet2!$C$1:$C$25)*E69 -> 720 | G69: =VALUE(D69) -> 1023204 | H69: =_xlfn.XLOOKUP(G69,Sheet2!A:A,Sheet2!B:B) -> 1023201 | I69: =_xlfn.XLOOKUP(VALUE(H69),Sheet2!$A$1:$A$25,Sheet2!$C$1:$C$25) -> 240 | J69: =ROUNDUP(IF(H69=G69,E69,F69/I69),2) -> 3 | K69: =ROUNDUP(IF(H69=G69,C69,C69),0) -> 1480 | L69: =_xlfn.TEXTJOIN("_",TRUE,K69,H69,J69) -> 1480_1023201_3
B70: 740_1023304_1 | C70: {=_xlfn.TEXTSPLIT(B70,"_",)} -> 740 | D70: 1023304 | E70: 1 | F70: =_xlfn.XLOOKUP(VALUE(D70),Sheet2!$A$1:$A$25,Sheet2!$C$1:$C$25)*E70 -> 1440 | G70: =VALUE(D70) -> 1023304 | H70: =_xlfn.XLOOKUP(G70,Sheet2!A:A,Sheet2!B:B) -> 1023301 | I70: =_xlfn.XLOOKUP(VALUE(H70),Sheet2!$A$1:$A$25,Sheet2!$C$1:$C$25) -> 480 | J70: =ROUNDUP(IF(H70=G70,E70,F70/I70),2) -> 3 | K70: =ROUNDUP(IF(H70=G70,C70,C70),0) -> 740 | L70: =_xlfn.TEXTJOIN("_",TRUE,K70,H70,J70) -> 740_1023301_3
B71: 370_1023404_1 | C71: {=_xlfn.TEXTSPLIT(B71,"_",)} -> 370 | D71: 1023404 | E71: 1 | F71: =_xlfn.XLOOKUP(VALUE(D71),Sheet2!$A$1:$A$25,Sheet2!$C$1:$C$25)*E71 -> 2880 | G71: =VALUE(D71) -> 1023404 | H71: =_xlfn.XLOOKUP(G71,Sheet2!A:A,Sheet2!B:B) -> 1023401 | I71: =_xlfn.XLOOKUP(VALUE(H71),Sheet2!$A$1:$A$25,Sheet2!$C$1:$C$25) -> 960 | J71: =ROUNDUP(IF(H71=G71,E71,F71/I71),2) -> 3 | K71: =ROUNDUP(IF(H71=G71,C71,C71),0) -> 370 | L71: =_xlfn.TEXTJOIN("_",TRUE,K71,H71,J71) -> 370_1023401_3
A84: 20020005 | B84: =_xlfn.XLOOKUP(A84,$A$1:$A$12,$B$1:$B$12) -> 4450_1023005_4|2960_1023105_2|1480_1023205_1|740_1023305_1|370_1023405_1 | L84: =_xlfn.TEXTJOIN("|",TRUE,L85:L99) -> 4450_1023001_24|2960_1023101_12|1480_1023201_6|740_1023301_6|370_1023401_6
B85: {=_xlfn.TEXTSPLIT(B84,,"|")} -> 4450_1023005_4 | C85: {=_xlfn.TEXTSPLIT(B85,"_",)} -> 4450 | D85: 1023005 | E85: 4 | F85: =_xlfn.XLOOKUP(VALUE(D85),Sheet2!$A$1:$A$25,Sheet2!$C$1:$C$25)*E85 -> 480 | G85: =VALUE(D85) -> 1023005 | H85: =_xlfn.XLOOKUP(G85,Sheet2!A:A,Sheet2!B:B) -> 1023001 | I85: =_xlfn.XLOOKUP(VALUE(H85),Sheet2!$A$1:$A$25,Sheet2!$C$1:$C$25) -> 20 | J85: =ROUNDUP(IF(H85=G85,E85,F85/I85),2) -> 24 | K85: =ROUNDUP(IF(H85=G85,C85,C85),0) -> 4450 | L85: =_xlfn.TEXTJOIN("_",TRUE,K85,H85,J85) -> 4450_1023001_24
B86: 2960_1023105_2 | C86: {=_xlfn.TEXTSPLIT(B86,"_",)} -> 2960 | D86: 1023105 | E86: 2 | F86: =_xlfn.XLOOKUP(VALUE(D86),Sheet2!$A$1:$A$25,Sheet2!$C$1:$C$25)*E86 -> 720 | G86: =VALUE(D86) -> 1023105 | H86: =_xlfn.XLOOKUP(G86,Sheet2!A:A,Sheet2!B:B) -> 1023101 | I86: =_xlfn.XLOOKUP(VALUE(H86),Sheet2!$A$1:$A$25,Sheet2!$C$1:$C$25) -> 60 | J86: =ROUNDUP(IF(H86=G86,E86,F86/I86),2) -> 12 | K86: =ROUNDUP(IF(H86=G86,C86,C86),0) -> 2960 | L86: =_xlfn.TEXTJOIN("_",TRUE,K86,H86,J86) -> 2960_1023101_12
B87: 1480_1023205_1 | C87: {=_xlfn.TEXTSPLIT(B87,"_",)} -> 1480 | D87: 1023205 | E87: 1 | F87: =_xlfn.XLOOKUP(VALUE(D87),Sheet2!$A$1:$A$25,Sheet2!$C$1:$C$25)*E87 -> 1440 | G87: =VALUE(D87) -> 1023205 | H87: =_xlfn.XLOOKUP(G87,Sheet2!A:A,Sheet2!B:B) -> 1023201 | I87: =_xlfn.XLOOKUP(VALUE(H87),Sheet2!$A$1:$A$25,Sheet2!$C$1:$C$25) -> 240 | J87: =ROUNDUP(IF(H87=G87,E87,F87/I87),2) -> 6 | K87: =ROUNDUP(IF(H87=G87,C87,C87),0) -> 1480 | L87: =_xlfn.TEXTJOIN("_",TRUE,K87,H87,J87) -> 1480_1023201_6
B88: 740_1023305_1 | C88: {=_xlfn.TEXTSPLIT(B88,"_",)} -> 740 | D88: 1023305 | E88: 1 | F88: =_xlfn.XLOOKUP(VALUE(D88),Sheet2!$A$1:$A$25,Sheet2!$C$1:$C$25)*E88 -> 2880 | G88: =VALUE(D88) -> 1023305 | H88: =_xlfn.XLOOKUP(G88,Sheet2!A:A,Sheet2!B:B) -> 1023301 | I88: =_xlfn.XLOOKUP(VALUE(H88),Sheet2!$A$1:$A$25,Sheet2!$C$1:$C$25) -> 480 | J88: =ROUNDUP(IF(H88=G88,E88,F88/I88),2) -> 6 | K88: =ROUNDUP(IF(H88=G88,C88,C88),0) -> 740 | L88: =_xlfn.TEXTJOIN("_",TRUE,K88,H88,J88) -> 740_1023301_6
B89: 370_1023405_1 | C89: {=_xlfn.TEXTSPLIT(B89,"_",)} -> 370 | D89: 1023405 | E89: 1 | F89: =_xlfn.XLOOKUP(VALUE(D89),Sheet2!$A$1:$A$25,Sheet2!$C$1:$C$25)*E89 -> 5760 | G89: =VALUE(D89) -> 1023405 | H89: =_xlfn.XLOOKUP(G89,Sheet2!A:A,Sheet2!B:B) -> 1023401 | I89: =_xlfn.XLOOKUP(VALUE(H89),Sheet2!$A$1:$A$25,Sheet2!$C$1:$C$25) -> 960 | J89: =ROUNDUP(IF(H89=G89,E89,F89/I89),2) -> 6 | K89: =ROUNDUP(IF(H89=G89,C89,C89),0) -> 370 | L89: =_xlfn.TEXTJOIN("_",TRUE,K89,H89,J89) -> 370_1023401_6
A107: 20020011 | B107: =_xlfn.XLOOKUP(A107,$A$1:$A$12,$B$1:$B$12) -> 4450_1023001_8|2960_1023101_4|1480_1023201_2|740_1023301_2|370_1023401_2 | L107: =_xlfn.TEXTJOIN("|",TRUE,L108:L122) -> 4450_1023001_8|2960_1023101_4|1480_1023201_2|740_1023301_2|370_1023401_2
B108: {=_xlfn.TEXTSPLIT(B107,,"|")} -> 4450_1023001_8 | C108: {=_xlfn.TEXTSPLIT(B108,"_",)} -> 4450 | D108: 1023001 | E108: 8 | F108: =_xlfn.XLOOKUP(VALUE(D108),Sheet2!$A$1:$A$25,Sheet2!$C$1:$C$25)*E108 -> 160 | G108: =VALUE(D108) -> 1023001 | H108: =_xlfn.XLOOKUP(G108,Sheet2!A:A,Sheet2!B:B) -> 1023001 | I108: =_xlfn.XLOOKUP(VALUE(H108),Sheet2!$A$1:$A$25,Sheet2!$C$1:$C$25) -> 20 | J108: =ROUNDUP(IF(H108=G108,E108,F108/I108),2) -> 8 | K108: =ROUNDUP(IF(H108=G108,C108,C108),0) -> 4450 | L108: =_xlfn.TEXTJOIN("_",TRUE,K108,H108,J108) -> 4450_1023001_8
B109: 2960_1023101_4 | C109: {=_xlfn.TEXTSPLIT(B109,"_",)} -> 2960 | D109: 1023101 | E109: 4 | F109: =_xlfn.XLOOKUP(VALUE(D109),Sheet2!$A$1:$A$25,Sheet2!$C$1:$C$25)*E109 -> 240 | G109: =VALUE(D109) -> 1023101 | H109: =_xlfn.XLOOKUP(G109,Sheet2!A:A,Sheet2!B:B) -> 1023101 | I109: =_xlfn.XLOOKUP(VALUE(H109),Sheet2!$A$1:$A$25,Sheet2!$C$1:$C$25) -> 60 | J109: =ROUNDUP(IF(H109=G109,E109,F109/I109),2) -> 4 | K109: =ROUNDUP(IF(H109=G109,C109,C109),0) -> 2960 | L109: =_xlfn.TEXTJOIN("_",TRUE,K109,H109,J109) -> 2960_1023101_4
B110: 1480_1023201_2 | C110: {=_xlfn.TEXTSPLIT(B110,"_",)} -> 1480 | D110: 1023201 | E110: 2 | F110: =_xlfn.XLOOKUP(VALUE(D110),Sheet2!$A$1:$A$25,Sheet2!$C$1:$C$25)*E110 -> 480 | G110: =VALUE(D110) -> 1023201 | H110: =_xlfn.XLOOKUP(G110,Sheet2!A:A,Sheet2!B:B) -> 1023201 | I110: =_xlfn.XLOOKUP(VALUE(H110),Sheet2!$A$1:$A$25,Sheet2!$C$1:$C$25) -> 240 | J110: =ROUNDUP(IF(H110=G110,E110,F110/I110),2) -> 2 | K110: =ROUNDUP(IF(H110=G110,C110,C110),0) -> 1480 | L110: =_xlfn.TEXTJOIN("_",TRUE,K110,H110,J110) -> 1480_1023201_2
B111: 740_1023301_2 | C111: {=_xlfn.TEXTSPLIT(B111,"_",)} -> 740 | D111: 1023301 | E111: 2 | F111: =_xlfn.XLOOKUP(VALUE(D111),Sheet2!$A$1:$A$25,Sheet2!$C$1:$C$25)*E111 -> 960 | G111: =VALUE(D111) -> 1023301 | H111: =_xlfn.XLOOKUP(G111,Sheet2!A:A,Sheet2!B:B) -> 1023301 | I111: =_xlfn.XLOOKUP(VALUE(H111),Sheet2!$A$1:$A$25,Sheet2!$C$1:$C$25) -> 480 | J111: =ROUNDUP(IF(H111=G111,E111,F111/I111),2) -> 2 | K111: =ROUNDUP(IF(H111=G111,C111,C111),0) -> 740 | L111: =_xlfn.TEXTJOIN("_",TRUE,K111,H111,J111) -> 740_1023301_2
B112: 370_1023401_2 | C112: {=_xlfn.TEXTSPLIT(B112,"_",)} -> 370 | D112: 1023401 | E112: 2 | F112: =_xlfn.XLOOKUP(VALUE(D112),Sheet2!$A$1:$A$25,Sheet2!$C$1:$C$25)*E112 -> 1920 | G112: =VALUE(D112) -> 1023401 | H112: =_xlfn.XLOOKUP(G112,Sheet2!A:A,Sheet2!B:B) -> 1023401 | I112: =_xlfn.XLOOKUP(VALUE(H112),Sheet2!$A$1:$A$25,Sheet2!$C$1:$C$25) -> 960 | J112: =ROUNDUP(IF(H112=G112,E112,F112/I112),2) -> 2 | K112: =ROUNDUP(IF(H112=G112,C112,C112),0) -> 370 | L112: =_xlfn.TEXTJOIN("_",TRUE,K112,H112,J112) -> 370_1023401_2
A130: =A107+1 -> 20020012 | B130: =_xlfn.XLOOKUP(A130,$A$1:$A$12,$B$1:$B$12) -> 4450_1023002_8|2960_1023102_4|1480_1023202_2|740_1023302_2|370_1023402_2 | L130: =_xlfn.TEXTJOIN("|",TRUE,L131:L145) -> 4450_1023001_12|2960_1023101_6|1480_1023201_3|740_1023301_3|370_1023401_3
B131: {=_xlfn.TEXTSPLIT(B130,,"|")} -> 4450_1023002_8 | C131: {=_xlfn.TEXTSPLIT(B131,"_",)} -> 4450 | D131: 1023002 | E131: 8 | F131: =_xlfn.XLOOKUP(VALUE(D131),Sheet2!$A$1:$A$25,Sheet2!$C$1:$C$25)*E131 -> 240 | G131: =VALUE(D131) -> 1023002 | H131: =_xlfn.XLOOKUP(G131,Sheet2!A:A,Sheet2!B:B) -> 1023001 | I131: =_xlfn.XLOOKUP(VALUE(H131),Sheet2!$A$1:$A$25,Sheet2!$C$1:$C$25) -> 20 | J131: =ROUNDUP(IF(H131=G131,E131,F131/I131),2) -> 12 | K131: =ROUNDUP(IF(H131=G131,C131,C131),0) -> 4450 | L131: =_xlfn.TEXTJOIN("_",TRUE,K131,H131,J131) -> 4450_1023001_12
B132: 2960_1023102_4 | C132: {=_xlfn.TEXTSPLIT(B132,"_",)} -> 2960 | D132: 1023102 | E132: 4 | F132: =_xlfn.XLOOKUP(VALUE(D132),Sheet2!$A$1:$A$25,Sheet2!$C$1:$C$25)*E132 -> 360 | G132: =VALUE(D132) -> 1023102 | H132: =_xlfn.XLOOKUP(G132,Sheet2!A:A,Sheet2!B:B) -> 1023101 | I132: =_xlfn.XLOOKUP(VALUE(H132),Sheet2!$A$1:$A$25,Sheet2!$C$1:$C$25) -> 60 | J132: =ROUNDUP(IF(H132=G132,E132,F132/I132),2) -> 6 | K132: =ROUNDUP(IF(H132=G132,C132,C132),0) -> 2960 | L132: =_xlfn.TEXTJOIN("_",TRUE,K132,H132,J132) -> 2960_1023101_6
B133: 1480_1023202_2 | C133: {=_xlfn.TEXTSPLIT(B133,"_",)} -> 1480 | D133: 1023202 | E133: 2 | F133: =_xlfn.XLOOKUP(VALUE(D133),Sheet2!$A$1:$A$25,Sheet2!$C$1:$C$25)*E133 -> 720 | G133: =VALUE(D133) -> 1023202 | H133: =_xlfn.XLOOKUP(G133,Sheet2!A:A,Sheet2!B:B) -> 1023201 | I133: =_xlfn.XLOOKUP(VALUE(H133),Sheet2!$A$1:$A$25,Sheet2!$C$1:$C$25) -> 240 | J133: =ROUNDUP(IF(H133=G133,E133,F133/I133),2) -> 3 | K133: =ROUNDUP(IF(H133=G133,C133,C133),0) -> 1480 | L133: =_xlfn.TEXTJOIN("_",TRUE,K133,H133,J133) -> 1480_1023201_3
B134: 740_1023302_2 | C134: {=_xlfn.TEXTSPLIT(B134,"_",)} -> 740 | D134: 1023302 | E134: 2 | F134: =_xlfn.XLOOKUP(VALUE(D134),Sheet2!$A$1:$A$25,Sheet2!$C$1:$C$25)*E134 -> 1440 | G134: =VALUE(D134) -> 1023302 | H134: =_xlfn.XLOOKUP(G134,Sheet2!A:A,Sheet2!B:B) -> 1023301 | I134: =_xlfn.XLOOKUP(VALUE(H134),Sheet2!$A$1:$A$25,Sheet2!$C$1:$C$25) -> 480 | J134: =ROUNDUP(IF(H134=G134,E134,F134/I134),2) -> 3 | K134: =ROUNDUP(IF(H134=G134,C134,C134),0) -> 740 | L134: =_xlfn.TEXTJOIN("_",TRUE,K134,H134,J134) -> 740_1023301_3
B135: 370_1023402_2 | C135: {=_xlfn.TEXTSPLIT(B135,"_",)} -> 370 | D135: 1023402 | E135: 2 | F135: =_xlfn.XLOOKUP(VALUE(D135),Sheet2!$A$1:$A$25,Sheet2!$C$1:$C$25)*E135 -> 2880 | G135: =VALUE(D135) -> 1023402 | H135: =_xlfn.XLOOKUP(G135,Sheet2!A:A,Sheet2!B:B) -> 1023401 | I135: =_xlfn.XLOOKUP(VALUE(H135),Sheet2!$A$1:$A$25,Sheet2!$C$1:$C$25) -> 960 | J135: =ROUNDUP(IF(H135=G135,E135,F135/I135),2) -> 3 | K135: =ROUNDUP(IF(H135=G135,C135,C135),0) -> 370 | L135: =_xlfn.TEXTJOIN("_",TRUE,K135,H135,J135) -> 370_1023401_3
A158: =A130+1 -> 20020013 | B158: =_xlfn.XLOOKUP(A158,$A$1:$A$12,$B$1:$B$12) -> 4450_1023003_8|2960_1023103_4|1480_1023203_2|740_1023303_2|370_1023403_2 | L158: =_xlfn.TEXTJOIN("|",TRUE,L159:L173) -> 4450_1023001_16|2960_1023101_8|1480_1023201_4|740_1023301_4|370_1023401_4
B159: {=_xlfn.TEXTSPLIT(B158,,"|")} -> 4450_1023003_8 | C159: {=_xlfn.TEXTSPLIT(B159,"_",)} -> 4450 | D159: 1023003 | E159: 8 | F159: =_xlfn.XLOOKUP(VALUE(D159),Sheet2!$A$1:$A$25,Sheet2!$C$1:$C$25)*E159 -> 320 | G159: =VALUE(D159) -> 1023003 | H159: =_xlfn.XLOOKUP(G159,Sheet2!A:A,Sheet2!B:B) -> 1023001 | I159: =_xlfn.XLOOKUP(VALUE(H159),Sheet2!$A$1:$A$25,Sheet2!$C$1:$C$25) -> 20 | J159: =ROUNDUP(IF(H159=G159,E159,F159/I159),2) -> 16 | K159: =ROUNDUP(IF(H159=G159,C159,C159),0) -> 4450 | L159: =_xlfn.TEXTJOIN("_",TRUE,K159,H159,J159) -> 4450_1023001_16
B160: 2960_1023103_4 | C160: {=_xlfn.TEXTSPLIT(B160,"_",)} -> 2960 | D160: 1023103 | E160: 4 | F160: =_xlfn.XLOOKUP(VALUE(D160),Sheet2!$A$1:$A$25,Sheet2!$C$1:$C$25)*E160 -> 480 | G160: =VALUE(D160) -> 1023103 | H160: =_xlfn.XLOOKUP(G160,Sheet2!A:A,Sheet2!B:B) -> 1023101 | I160: =_xlfn.XLOOKUP(VALUE(H160),Sheet2!$A$1:$A$25,Sheet2!$C$1:$C$25) -> 60 | J160: =ROUNDUP(IF(H160=G160,E160,F160/I160),2) -> 8 | K160: =ROUNDUP(IF(H160=G160,C160,C160),0) -> 2960 | L160: =_xlfn.TEXTJOIN("_",TRUE,K160,H160,J160) -> 2960_1023101_8
B161: 1480_1023203_2 | C161: {=_xlfn.TEXTSPLIT(B161,"_",)} -> 1480 | D161: 1023203 | E161: 2 | F161: =_xlfn.XLOOKUP(VALUE(D161),Sheet2!$A$1:$A$25,Sheet2!$C$1:$C$25)*E161 -> 960 | G161: =VALUE(D161) -> 1023203 | H161: =_xlfn.XLOOKUP(G161,Sheet2!A:A,Sheet2!B:B) -> 1023201 | I161: =_xlfn.XLOOKUP(VALUE(H161),Sheet2!$A$1:$A$25,Sheet2!$C$1:$C$25) -> 240 | J161: =ROUNDUP(IF(H161=G161,E161,F161/I161),2) -> 4 | K161: =ROUNDUP(IF(H161=G161,C161,C161),0) -> 1480 | L161: =_xlfn.TEXTJOIN("_",TRUE,K161,H161,J161) -> 1480_1023201_4
B162: 740_1023303_2 | C162: {=_xlfn.TEXTSPLIT(B162,"_",)} -> 740 | D162: 1023303 | E162: 2 | F162: =_xlfn.XLOOKUP(VALUE(D162),Sheet2!$A$1:$A$25,Sheet2!$C$1:$C$25)*E162 -> 1920 | G162: =VALUE(D162) -> 1023303 | H162: =_xlfn.XLOOKUP(G162,Sheet2!A:A,Sheet2!B:B) -> 1023301 | I162: =_xlfn.XLOOKUP(VALUE(H162),Sheet2!$A$1:$A$25,Sheet2!$C$1:$C$25) -> 480 | J162: =ROUNDUP(IF(H162=G162,E162,F162/I162),2) -> 4 | K162: =ROUNDUP(IF(H162=G162,C162,C162),0) -> 740 | L162: =_xlfn.TEXTJOIN("_",TRUE,K162,H162,J162) -> 740_1023301_4
B163: 370_1023403_2 | C163: {=_xlfn.TEXTSPLIT(B163,"_",)} -> 370 | D163: 1023403 | E163: 2 | F163: =_xlfn.XLOOKUP(VALUE(D163),Sheet2!$A$1:$A$25,Sheet2!$C$1:$C$25)*E163 -> 3840 | G163: =VALUE(D163) -> 1023403 | H163: =_xlfn.XLOOKUP(G163,Sheet2!A:A,Sheet2!B:B) -> 1023401 | I163: =_xlfn.XLOOKUP(VALUE(H163),Sheet2!$A$1:$A$25,Sheet2!$C$1:$C$25) -> 960 | J163: =ROUNDUP(IF(H163=G163,E163,F163/I163),2) -> 4 | K163: =ROUNDUP(IF(H163=G163,C163,C163),0) -> 370 | L163: =_xlfn.TEXTJOIN("_",TRUE,K163,H163,J163) -> 370_1023401_4
A186: =A158+1 -> 20020014 | B186: =_xlfn.XLOOKUP(A186,$A$1:$A$12,$B$1:$B$12) -> 4450_1023004_8|2960_1023104_4|1480_1023204_2|740_1023304_2|370_1023404_2 | L186: =_xlfn.TEXTJOIN("|",TRUE,L187:L201) -> 4450_1023001_24|2960_1023101_12|1480_1023201_6|740_1023301_6|370_1023401_6
B187: {=_xlfn.TEXTSPLIT(B186,,"|")} -> 4450_1023004_8 | C187: {=_xlfn.TEXTSPLIT(B187,"_",)} -> 4450 | D187: 1023004 | E187: 8 | F187: =_xlfn.XLOOKUP(VALUE(D187),Sheet2!$A$1:$A$25,Sheet2!$C$1:$C$25)*E187 -> 480 | G187: =VALUE(D187) -> 1023004 | H187: =_xlfn.XLOOKUP(G187,Sheet2!A:A,Sheet2!B:B) -> 1023001 | I187: =_xlfn.XLOOKUP(VALUE(H187),Sheet2!$A$1:$A$25,Sheet2!$C$1:$C$25) -> 20 | J187: =ROUNDUP(IF(H187=G187,E187,F187/I187),2) -> 24 | K187: =ROUNDUP(IF(H187=G187,C187,C187),0) -> 4450 | L187: =_xlfn.TEXTJOIN("_",TRUE,K187,H187,J187) -> 4450_1023001_24
B188: 2960_1023104_4 | C188: {=_xlfn.TEXTSPLIT(B188,"_",)} -> 2960 | D188: 1023104 | E188: 4 | F188: =_xlfn.XLOOKUP(VALUE(D188),Sheet2!$A$1:$A$25,Sheet2!$C$1:$C$25)*E188 -> 720 | G188: =VALUE(D188) -> 1023104 | H188: =_xlfn.XLOOKUP(G188,Sheet2!A:A,Sheet2!B:B) -> 1023101 | I188: =_xlfn.XLOOKUP(VALUE(H188),Sheet2!$A$1:$A$25,Sheet2!$C$1:$C$25) -> 60 | J188: =ROUNDUP(IF(H188=G188,E188,F188/I188),2) -> 12 | K188: =ROUNDUP(IF(H188=G188,C188,C188),0) -> 2960 | L188: =_xlfn.TEXTJOIN("_",TRUE,K188,H188,J188) -> 2960_1023101_12
B189: 1480_1023204_2 | C189: {=_xlfn.TEXTSPLIT(B189,"_",)} -> 1480 | D189: 1023204 | E189: 2 | F189: =_xlfn.XLOOKUP(VALUE(D189),Sheet2!$A$1:$A$25,Sheet2!$C$1:$C$25)*E189 -> 1440 | G189: =VALUE(D189) -> 1023204 | H189: =_xlfn.XLOOKUP(G189,Sheet2!A:A,Sheet2!B:B) -> 1023201 | I189: =_xlfn.XLOOKUP(VALUE(H189),Sheet2!$A$1:$A$25,Sheet2!$C$1:$C$25) -> 240 | J189: =ROUNDUP(IF(H189=G189,E189,F189/I189),2) -> 6 | K189: =ROUNDUP(IF(H189=G189,C189,C189),0) -> 1480 | L189: =_xlfn.TEXTJOIN("_",TRUE,K189,H189,J189) -> 1480_1023201_6
B190: 740_1023304_2 | C190: {=_xlfn.TEXTSPLIT(B190,"_",)} -> 740 | D190: 1023304 | E190: 2 | F190: =_xlfn.XLOOKUP(VALUE(D190),Sheet2!$A$1:$A$25,Sheet2!$C$1:$C$25)*E190 -> 2880 | G190: =VALUE(D190) -> 1023304 | H190: =_xlfn.XLOOKUP(G190,Sheet2!A:A,Sheet2!B:B) -> 1023301 | I190: =_xlfn.XLOOKUP(VALUE(H190),Sheet2!$A$1:$A$25,Sheet2!$C$1:$C$25) -> 480 | J190: =ROUNDUP(IF(H190=G190,E190,F190/I190),2) -> 6 | K190: =ROUNDUP(IF(H190=G190,C190,C190),0) -> 740 | L190: =_xlfn.TEXTJOIN("_",TRUE,K190,H190,J190) -> 740_1023301_6
B191: 370_1023404_2 | C191: {=_xlfn.TEXTSPLIT(B191,"_",)} -> 370 | D191: 1023404 | E191: 2 | F191: =_xlfn.XLOOKUP(VALUE(D191),Sheet2!$A$1:$A$25,Sheet2!$C$1:$C$25)*E191 -> 5760 | G191: =VALUE(D191) -> 1023404 | H191: =_xlfn.XLOOKUP(G191,Sheet2!A:A,Sheet2!B:B) -> 1023401 | I191: =_xlfn.XLOOKUP(VALUE(H191),Sheet2!$A$1:$A$25,Sheet2!$C$1:$C$25) -> 960 | J191: =ROUNDUP(IF(H191=G191,E191,F191/I191),2) -> 6 | K191: =ROUNDUP(IF(H191=G191,C191,C191),0) -> 370 | L191: =_xlfn.TEXTJOIN("_",TRUE,K191,H191,J191) -> 370_1023401_6
A214: =A186+1 -> 20020015 | B214: =_xlfn.XLOOKUP(A214,$A$1:$A$12,$B$1:$B$12) -> 4450_1023005_8|2960_1023105_4|1480_1023205_2|740_1023305_2|370_1023405_2 | L214: =_xlfn.TEXTJOIN("|",TRUE,L215:L229) -> 4450_1023001_48|2960_1023101_24|1480_1023201_12|740_1023301_12|370_1023401_12
B215: {=_xlfn.TEXTSPLIT(B214,,"|")} -> 4450_1023005_8 | C215: {=_xlfn.TEXTSPLIT(B215,"_",)} -> 4450 | D215: 1023005 | E215: 8 | F215: =_xlfn.XLOOKUP(VALUE(D215),Sheet2!$A$1:$A$25,Sheet2!$C$1:$C$25)*E215 -> 960 | G215: =VALUE(D215) -> 1023005 | H215: =_xlfn.XLOOKUP(G215,Sheet2!A:A,Sheet2!B:B) -> 1023001 | I215: =_xlfn.XLOOKUP(VALUE(H215),Sheet2!$A$1:$A$25,Sheet2!$C$1:$C$25) -> 20 | J215: =ROUNDUP(IF(H215=G215,E215,F215/I215),2) -> 48 | K215: =ROUNDUP(IF(H215=G215,C215,C215),0) -> 4450 | L215: =_xlfn.TEXTJOIN("_",TRUE,K215,H215,J215) -> 4450_1023001_48
B216: 2960_1023105_4 | C216: {=_xlfn.TEXTSPLIT(B216,"_",)} -> 2960 | D216: 1023105 | E216: 4 | F216: =_xlfn.XLOOKUP(VALUE(D216),Sheet2!$A$1:$A$25,Sheet2!$C$1:$C$25)*E216 -> 1440 | G216: =VALUE(D216) -> 1023105 | H216: =_xlfn.XLOOKUP(G216,Sheet2!A:A,Sheet2!B:B) -> 1023101 | I216: =_xlfn.XLOOKUP(VALUE(H216),Sheet2!$A$1:$A$25,Sheet2!$C$1:$C$25) -> 60 | J216: =ROUNDUP(IF(H216=G216,E216,F216/I216),2) -> 24 | K216: =ROUNDUP(IF(H216=G216,C216,C216),0) -> 2960 | L216: =_xlfn.TEXTJOIN("_",TRUE,K216,H216,J216) -> 2960_1023101_24
B217: 1480_1023205_2 | C217: {=_xlfn.TEXTSPLIT(B217,"_",)} -> 1480 | D217: 1023205 | E217: 2 | F217: =_xlfn.XLOOKUP(VALUE(D217),Sheet2!$A$1:$A$25,Sheet2!$C$1:$C$25)*E217 -> 2880 | G217: =VALUE(D217) -> 1023205 | H217: =_xlfn.XLOOKUP(G217,Sheet2!A:A,Sheet2!B:B) -> 1023201 | I217: =_xlfn.XLOOKUP(VALUE(H217),Sheet2!$A$1:$A$25,Sheet2!$C$1:$C$25) -> 240 | J217: =ROUNDUP(IF(H217=G217,E217,F217/I217),2) -> 12 | K217: =ROUNDUP(IF(H217=G217,C217,C217),0) -> 1480 | L217: =_xlfn.TEXTJOIN("_",TRUE,K217,H217,J217) -> 1480_1023201_12
B218: 740_1023305_2 | C218: {=_xlfn.TEXTSPLIT(B218,"_",)} -> 740 | D218: 1023305 | E218: 2 | F218: =_xlfn.XLOOKUP(VALUE(D218),Sheet2!$A$1:$A$25,Sheet2!$C$1:$C$25)*E218 -> 5760 | G218: =VALUE(D218) -> 1023305 | H218: =_xlfn.XLOOKUP(G218,Sheet2!A:A,Sheet2!B:B) -> 1023301 | I218: =_xlfn.XLOOKUP(VALUE(H218),Sheet2!$A$1:$A$25,Sheet2!$C$1:$C$25) -> 480 | J218: =ROUNDUP(IF(H218=G218,E218,F218/I218),2) -> 12 | K218: =ROUNDUP(IF(H218=G218,C218,C218),0) -> 740 | L218: =_xlfn.TEXTJOIN("_",TRUE,K218,H218,J218) -> 740_1023301_12
B219: 370_1023405_2 | C219: {=_xlfn.TEXTSPLIT(B219,"_",)} -> 370 | D219: 1023405 | E219: 2 | F219: =_xlfn.XLOOKUP(VALUE(D219),Sheet2!$A$1:$A$25,Sheet2!$C$1:$C$25)*E219 -> 11520 | G219: =VALUE(D219) -> 1023405 | H219: =_xlfn.XLOOKUP(G219,Sheet2!A:A,Sheet2!B:B) -> 1023401 | I219: =_xlfn.XLOOKUP(VALUE(H219),Sheet2!$A$1:$A$25,Sheet2!$C$1:$C$25) -> 960 | J219: =ROUNDUP(IF(H219=G219,E219,F219/I219),2) -> 12 | K219: =ROUNDUP(IF(H219=G219,C219,C219),0) -> 370 | L219: =_xlfn.TEXTJOIN("_",TRUE,K219,H219,J219) -> 370_1023401_12

Sheet Sheet2
A1: 1023001 | B1: =A1 -> 1023001 | C1: 20
A2: 1023002 | B2: =A1 -> 1023001 | C2: 30
A3: 1023003 | B3: =A1 -> 1023001 | C3: 40
A4: 1023004 | B4: =A1 -> 1023001 | C4: 60
A5: 1023005 | B5: =A1 -> 1023001 | C5: 120
A6: 1023101 | B6: =A6 -> 1023101 | C6: 60
A7: 1023102 | B7: =A6 -> 1023101 | C7: 90
A8: 1023103 | B8: =A6 -> 1023101 | C8: 120
A9: 1023104 | B9: =A6 -> 1023101 | C9: 180
A10: 1023105 | B10: =A6 -> 1023101 | C10: 360
A11: 1023201 | B11: =A11 -> 1023201 | C11: 240
A12: 1023202 | B12: =A11 -> 1023201 | C12: 360
A13: 1023203 | B13: =A11 -> 1023201 | C13: 480
A14: 1023204 | B14: =A11 -> 1023201 | C14: 720
A15: 1023205 | B15: =A11 -> 1023201 | C15: 1440
A16: 1023301 | B16: =A16 -> 1023301 | C16: 480
A17: 1023302 | B17: =A16 -> 1023301 | C17: 720
A18: 1023303 | B18: =A16 -> 1023301 | C18: 960
A19: 1023304 | B19: =A16 -> 1023301 | C19: 1440
A20: 1023305 | B20: =A16 -> 1023301 | C20: 2880
A21: 1023401 | B21: =A21 -> 1023401 | C21: 960
A22: 1023402 | B22: =A21 -> 1023401 | C22: 1440
A23: 1023403 | B23: =A21 -> 1023401 | C23: 1920
A24: 1023404 | B24: =A21 -> 1023401 | C24: 2880
A25: 1023405 | B25: =A21 -> 1023401 | C25: 5760
